idx,error
0, 0.158563
1, 0.191703
2, 0.105706
3, 0.160011
4, 0.198369
5, 0.103057
6, 0.151892
7, 0.196749
8, 0.102976
9, 0.154258
10, 0.186945
11, 0.100568
12, 0.160798
13, 0.186734
14, 0.099440
15, 0.156434
16, 0.191001
17, 0.097901
18, 0.145249
19, 0.184302
20, 0.096772
21, 0.149226
22, 0.179798
23, 0.095328
24, 0.156584
25, 0.177022
26, 0.094636
27, 0.138528
28, 0.164208
29, 0.093559
30, 0.141501
31, 0.168366
32, 0.094173
33, 0.137004
34, 0.170579
35, 0.091726
36, 0.133449
37, 0.165901
38, 0.090957
39, 0.143825
40, 0.163882
41, 0.093925
42, 0.134235
43, 0.161764
44, 0.090695
45, 0.139622
46, 0.158101
47, 0.092097
48, 0.137234
49, 0.159848
50, 0.089610
51, 0.130978
52, 0.158407
53, 0.090110
54, 0.144170
55, 0.154628
56, 0.091847
57, 0.129808
58, 0.154855
59, 0.087310
60, 0.142364
61, 0.149956
62, 0.087764
63, 0.122851
64, 0.148773
65, 0.086567
66, 0.122686
67, 0.148360
68, 0.088124
69, 0.141522
70, 0.145680
71, 0.086833
72, 0.135513
73, 0.146124
74, 0.085018
75, 0.137903
76, 0.142246
77, 0.085256
78, 0.134823
79, 0.140925
80, 0.086555
81, 0.126744
82, 0.141122
83, 0.086047
84, 0.131897
85, 0.139064
86, 0.087358
87, 0.135919
88, 0.138786
89, 0.084873
90, 0.132325
91, 0.136592
92, 0.085211
93, 0.134027
94, 0.135764
95, 0.084494
96, 0.133131
97, 0.134760
98, 0.085798
99, 0.124625
100, 0.133903
101, 0.086394
102, 0.133247
103, 0.133062
104, 0.084542
105, 0.136142
106, 0.131538
107, 0.083346
108, 0.120443
109, 0.130544
110, 0.085012
111, 0.126910
112, 0.129549
113, 0.086248
114, 0.124560
115, 0.127974
116, 0.084007
117, 0.132522
118, 0.126774
119, 0.083554
120, 0.131263
121, 0.126376
122, 0.087740
123, 0.119299
124, 0.124519
125, 0.082102
126, 0.131789
127, 0.123880
128, 0.081351
129, 0.130122
130, 0.122111
131, 0.083152
132, 0.125639
133, 0.122609
134, 0.083090
135, 0.119954
136, 0.119893
137, 0.082534
138, 0.131554
139, 0.121651
140, 0.079281
141, 0.121210
142, 0.119174
143, 0.079920
144, 0.121909
145, 0.118697
146, 0.080882
147, 0.114627
148, 0.118814
149, 0.080329
150, 0.123584
151, 0.115905
152, 0.078573
153, 0.115027
154, 0.115223
155, 0.076786
156, 0.120795
157, 0.117099
158, 0.074033
159, 0.117732
160, 0.116827
161, 0.074434
162, 0.115368
163, 0.114162
164, 0.075703
165, 0.125175
166, 0.113151
167, 0.072045
168, 0.120801
169, 0.112198
170, 0.072756
171, 0.120193
172, 0.109091
173, 0.071293
174, 0.135164
175, 0.109088
176, 0.077688
177, 0.121077
178, 0.111009
179, 0.075561
180, 0.123723
181, 0.105052
182, 0.071595
183, 0.131594
184, 0.108239
185, 0.075931
186, 0.128697
187, 0.102948
188, 0.072242
189, 0.122004
190, 0.101605
191, 0.069257
192, 0.120782
193, 0.115813
194, 0.082317
195, 0.123413
196, 0.102618
197, 0.069298
198, 0.130182
199, 0.099517
200, 0.074027
201, 0.122898
202, 0.101391
203, 0.071990
204, 0.132473
205, 0.106729
206, 0.072952
207, 0.129095
208, 0.107847
209, 0.069109
210, 0.125636
211, 0.097602
212, 0.077956
213, 0.128109
214, 0.098366
215, 0.078049
216, 0.128249
217, 0.098721
218, 0.073847
219, 0.125818
220, 0.099987
221, 0.069762
222, 0.122473
223, 0.096223
224, 0.068708
225, 0.117627
226, 0.090665
227, 0.064733
228, 0.121921
229, 0.093615
230, 0.076848
231, 0.120008
232, 0.089842
233, 0.073762
234, 0.126772
235, 0.106510
236, 0.069812
237, 0.121366
238, 0.092189
239, 0.062968
240, 0.128864
241, 0.096393
242, 0.072161
243, 0.121111
244, 0.093564
245, 0.073157
246, 0.122564
247, 0.098110
248, 0.069089
249, 0.126172
250, 0.091149
251, 0.065394
252, 0.120242
253, 0.092393
254, 0.072037
255, 0.126135
256, 0.096997
257, 0.072342
258, 0.126635
259, 0.094364
260, 0.087245
261, 0.123068
262, 0.086898
263, 0.072472
264, 0.124942
265, 0.091502
266, 0.079718
267, 0.124953
268, 0.085943
269, 0.066662
270, 0.120227
271, 0.097967
272, 0.073575
273, 0.118098
274, 0.103066
275, 0.072847
276, 0.123686
277, 0.091000
278, 0.073756
279, 0.123038
280, 0.105290
281, 0.073506
282, 0.123007
283, 0.105109
284, 0.082239
285, 0.124635
286, 0.097206
287, 0.088233
288, 0.124349
289, 0.103300
290, 0.080136
291, 0.120643
292, 0.085755
293, 0.080469
294, 0.122122
295, 0.089317
296, 0.078183
297, 0.120274
298, 0.095015
299, 0.089901
300, 0.118762
301, 0.108729
302, 0.082713
303, 0.120262
304, 0.104095
305, 0.075679
306, 0.118811
307, 0.098007
308, 0.097257
309, 0.121201
310, 0.109012
311, 0.094937
312, 0.127824
313, 0.102434
314, 0.094161
315, 0.125758
316, 0.087915
317, 0.085592
318, 0.119967
319, 0.106427
320, 0.094000
321, 0.121324
322, 0.103803
323, 0.086766
324, 0.133782
325, 0.095299
326, 0.087586
327, 0.121391
328, 0.103429
329, 0.084778
330, 0.121935
331, 0.098208
332, 0.102976
333, 0.119410
334, 0.098100
335, 0.077991
336, 0.118836
337, 0.095748
338, 0.083698
339, 0.125352
340, 0.097201
341, 0.099140
342, 0.119385
343, 0.102403
344, 0.091607
345, 0.124158
346, 0.096886
347, 0.099238
348, 0.121695
349, 0.093569
350, 0.089272
351, 0.121945
352, 0.090098
353, 0.087504
354, 0.128159
355, 0.094110
356, 0.094176
357, 0.120265
358, 0.086483
359, 0.080737
360, 0.128258
361, 0.099438
362, 0.077210
363, 0.119826
364, 0.097904
365, 0.079053
366, 0.119429
367, 0.098863
368, 0.086540
369, 0.130519
370, 0.086313
371, 0.082592
372, 0.121809
373, 0.082433
374, 0.072808
375, 0.125285
376, 0.089839
377, 0.072135
378, 0.123476
379, 0.092613
380, 0.088702
381, 0.122143
382, 0.097167
383, 0.094665
384, 0.121020
385, 0.086306
386, 0.091199
387, 0.123771
388, 0.087884
389, 0.076627
390, 0.127920
391, 0.088751
392, 0.091143
393, 0.124320
394, 0.079635
395, 0.079252
396, 0.125004
397, 0.084039
398, 0.095752
399, 0.122853
400, 0.082438
401, 0.078391
402, 0.123271
403, 0.094179
404, 0.092758
405, 0.126227
406, 0.078787
407, 0.076413
408, 0.122062
409, 0.079609
410, 0.095226
411, 0.123133
412, 0.084326
413, 0.103990
414, 0.121587
415, 0.079061
416, 0.081439
417, 0.122596
418, 0.075056
419, 0.104348
420, 0.124589
421, 0.077236
422, 0.107931
423, 0.121828
424, 0.078653
425, 0.095631
426, 0.123270
427, 0.080632
428, 0.101991
429, 0.123265
430, 0.087449
431, 0.120827
432, 0.121724
433, 0.100488
434, 0.126937
435, 0.123787
436, 0.082089
437, 0.093801
438, 0.122677
439, 0.099514
440, 0.101673
441, 0.122748
442, 0.097344
443, 0.110869
444, 0.122638
445, 0.106416
446, 0.145114
447, 0.122367
448, 0.107883
449, 0.132000
450, 0.122309
451, 0.081267
452, 0.108905
453, 0.122064
454, 0.089128
455, 0.116685
456, 0.122084
457, 0.102724
458, 0.122812
459, 0.123066
460, 0.107176
461, 0.129657
462, 0.122289
463, 0.106530
464, 0.148537
465, 0.124786
466, 0.090464
467, 0.118781
468, 0.122068
469, 0.108148
470, 0.146948
471, 0.122288
472, 0.110081
473, 0.141166
474, 0.121946
475, 0.087343
476, 0.134346
477, 0.123812
478, 0.107550
479, 0.150108
480, 0.121242
481, 0.106378
482, 0.136601
483, 0.121484
484, 0.108889
485, 0.122792
486, 0.122973
487, 0.107271
488, 0.135234
489, 0.121336
490, 0.100508
491, 0.124700
492, 0.122610
493, 0.103544
494, 0.136812
495, 0.121759
496, 0.106857
497, 0.151251
498, 0.121176
499, 0.101054
500, 0.146690
501, 0.124054
502, 0.089444
503, 0.131149
504, 0.121616
505, 0.091090
506, 0.120326
507, 0.121111
508, 0.099283
509, 0.149991
510, 0.121177
511, 0.102703
512, 0.127704
513, 0.121626
514, 0.112632
515, 0.133957
516, 0.121241
517, 0.108000
518, 0.128945
519, 0.120952
520, 0.094264
521, 0.143139
522, 0.121670
523, 0.098491
524, 0.137143
525, 0.121537
526, 0.094600
527, 0.135388
528, 0.121279
529, 0.092092
530, 0.126954
531, 0.122210
532, 0.105925
533, 0.134524
534, 0.124542
535, 0.096144
536, 0.128702
537, 0.122994
538, 0.099349
539, 0.124167
540, 0.122676
541, 0.095552
542, 0.136067
543, 0.121972
544, 0.106095
545, 0.119489
546, 0.121740
547, 0.090169
548, 0.122220
549, 0.122629
550, 0.095760
551, 0.115534
552, 0.122552
553, 0.091768
554, 0.108598
555, 0.123741
556, 0.092880
557, 0.111459
558, 0.123520
559, 0.098869
560, 0.110251
561, 0.127017
562, 0.093013
563, 0.106579
564, 0.123542
565, 0.096312
566, 0.099545
567, 0.127943
568, 0.092511
569, 0.117131
570, 0.123452
571, 0.086821
572, 0.111330
573, 0.126111
574, 0.095706
575, 0.115067
576, 0.123905
577, 0.092296
578, 0.112508
579, 0.125042
580, 0.089202
581, 0.110873
582, 0.127870
583, 0.092796
584, 0.102117
585, 0.126914
586, 0.084044
587, 0.106238
588, 0.126615
589, 0.087789
590, 0.106004
591, 0.127023
592, 0.086913
593, 0.108342
594, 0.126379
595, 0.082722
596, 0.100163
597, 0.125145
598, 0.091497
599, 0.091923
600, 0.124737
601, 0.085076
602, 0.090807
603, 0.125189
604, 0.088201
605, 0.097722
606, 0.124991
607, 0.089268
608, 0.085356
609, 0.127045
610, 0.089005
611, 0.088975
612, 0.124307
613, 0.088462
614, 0.096030
615, 0.124220
616, 0.091867
617, 0.081095
618, 0.124525
619, 0.091287
620, 0.088033
621, 0.126084
622, 0.088432
623, 0.082313
624, 0.123895
625, 0.085186
626, 0.084142
627, 0.124260
628, 0.084374
629, 0.084031
630, 0.129875
631, 0.082828
632, 0.087141
633, 0.124691
634, 0.085119
635, 0.084249
636, 0.125880
637, 0.081749
638, 0.077876
639, 0.125471
640, 0.083260
641, 0.077289
642, 0.125049
643, 0.085410
644, 0.079041
645, 0.124809
646, 0.081752
647, 0.077743
648, 0.126232
649, 0.083654
650, 0.078970
651, 0.124598
652, 0.083950
653, 0.070378
654, 0.126607
655, 0.081538
656, 0.070756
657, 0.125119
658, 0.082991
659, 0.072373
660, 0.124664
661, 0.081978
662, 0.070634
663, 0.124802
664, 0.080688
665, 0.068827
666, 0.126965
667, 0.080254
668, 0.067510
669, 0.125971
670, 0.075430
671, 0.066815
672, 0.129779
673, 0.079611
674, 0.065840
675, 0.124791
676, 0.077360
677, 0.062507
678, 0.124984
679, 0.078058
680, 0.066810
681, 0.128061
682, 0.078167
683, 0.067576
684, 0.125650
685, 0.074722
686, 0.062390
687, 0.126366
688, 0.077042
689, 0.058886
690, 0.125073
691, 0.075278
692, 0.061050
693, 0.127440
694, 0.072020
695, 0.060569
696, 0.133082
697, 0.070937
698, 0.065414
699, 0.134364
700, 0.069067
701, 0.056167
702, 0.126023
703, 0.069950
704, 0.059521
705, 0.125857
706, 0.067977
707, 0.056756
708, 0.132506
709, 0.066957
710, 0.057489
711, 0.132189
712, 0.068564
713, 0.055596
714, 0.125764
715, 0.068920
716, 0.051265
717, 0.128893
718, 0.066670
719, 0.054998
720, 0.132316
721, 0.063711
722, 0.054076
723, 0.126412
724, 0.065749
725, 0.052455
726, 0.126055
727, 0.064940
728, 0.051811
729, 0.126281
730, 0.063867
731, 0.052214
732, 0.130833
733, 0.063095
734, 0.054705
735, 0.132380
736, 0.061926
737, 0.048229
738, 0.132012
739, 0.060783
740, 0.049354
741, 0.132078
742, 0.062055
743, 0.047122
744, 0.130709
745, 0.060122
746, 0.055607
747, 0.126323
748, 0.060626
749, 0.049999
750, 0.132329
751, 0.060215
752, 0.044455
753, 0.126012
754, 0.059698
755, 0.046401
756, 0.125698
757, 0.060141
758, 0.043535
759, 0.128935
760, 0.060443
761, 0.046551
762, 0.126403
763, 0.061827
764, 0.041997
765, 0.131339
766, 0.059407
767, 0.043612
768, 0.128475
769, 0.059876
770, 0.043062
771, 0.129338
772, 0.058039
773, 0.044960
774, 0.128141
775, 0.057278
776, 0.039785
777, 0.125656
778, 0.057295
779, 0.042276
780, 0.126186
781, 0.056595
782, 0.043015
783, 0.125327
784, 0.056626
785, 0.036826
786, 0.126978
787, 0.056484
788, 0.035719
789, 0.126687
790, 0.058515
791, 0.037533
792, 0.135894
793, 0.055566
794, 0.036628
795, 0.128496
796, 0.055936
797, 0.036161
798, 0.140399
799, 0.054791
800, 0.035774
801, 0.127001
802, 0.054719
803, 0.035031
804, 0.127114
805, 0.053155
806, 0.038195
807, 0.129609
808, 0.052749
809, 0.037779
810, 0.124050
811, 0.051536
812, 0.034985
813, 0.124247
814, 0.053574
815, 0.035353
816, 0.126743
817, 0.053123
818, 0.036454
819, 0.123942
820, 0.051295
821, 0.034999
822, 0.131486
823, 0.051928
824, 0.038395
825, 0.127603
826, 0.053308
827, 0.033771
828, 0.123393
829, 0.052980
830, 0.031556
831, 0.123669
832, 0.054784
833, 0.030678
834, 0.122088
835, 0.052911
836, 0.031800
837, 0.132637
838, 0.053779
839, 0.031244
840, 0.128609
841, 0.051907
842, 0.032633
843, 0.127268
844, 0.052868
845, 0.029185
846, 0.122785
847, 0.052075
848, 0.031291
849, 0.123394
850, 0.051184
851, 0.030461
852, 0.122369
853, 0.052348
854, 0.028462
855, 0.122315
856, 0.052320
857, 0.028013
858, 0.121362
859, 0.052851
860, 0.031085
861, 0.127343
862, 0.049840
863, 0.029000
864, 0.126024
865, 0.050740
866, 0.027828
867, 0.124967
868, 0.049229
869, 0.029060
870, 0.122958
871, 0.048907
872, 0.028527
873, 0.125219
874, 0.047698
875, 0.027766
876, 0.121520
877, 0.047323
878, 0.027139
879, 0.121846
880, 0.047556
881, 0.030897
882, 0.135642
883, 0.045875
884, 0.026814
885, 0.123449
886, 0.044944
887, 0.029451
888, 0.130786
889, 0.046566
890, 0.031759
891, 0.132577
892, 0.048908
893, 0.028859
894, 0.125394
895, 0.047446
896, 0.025573
897, 0.122013
898, 0.047018
899, 0.028285
900, 0.120406
901, 0.046746
902, 0.031022
903, 0.120502
904, 0.046905
905, 0.026140
906, 0.120315
907, 0.048120
908, 0.026134
909, 0.128981
910, 0.047761
911, 0.024106
912, 0.119809
913, 0.048687
914, 0.025883
915, 0.119980
916, 0.049583
917, 0.026031
918, 0.119427
919, 0.048074
920, 0.023287
921, 0.128700
922, 0.046767
923, 0.024197
924, 0.118200
925, 0.047441
926, 0.024546
927, 0.128462
928, 0.048657
929, 0.024704
930, 0.125091
931, 0.047019
932, 0.023890
933, 0.117981
934, 0.046339
935, 0.025753
936, 0.119241
937, 0.046344
938, 0.024424
939, 0.123082
940, 0.046653
941, 0.024567
942, 0.118026
943, 0.047594
944, 0.023500
945, 0.118392
946, 0.047885
947, 0.025439
948, 0.123611
949, 0.047595
950, 0.023984
951, 0.121980
952, 0.048699
953, 0.023088
954, 0.122729
955, 0.047444
956, 0.024573
957, 0.116767
958, 0.047828
959, 0.021655
960, 0.116649
961, 0.047785
962, 0.027084
963, 0.116864
964, 0.046531
965, 0.022333
966, 0.117077
967, 0.046522
968, 0.022287
969, 0.116753
970, 0.046302
971, 0.022293
972, 0.129447
973, 0.048395
974, 0.023851
975, 0.116754
976, 0.048760
977, 0.025038
978, 0.118432
979, 0.048603
980, 0.025161
981, 0.117687
982, 0.047118
983, 0.023513
984, 0.119232
985, 0.046440
986, 0.023327
987, 0.120657
988, 0.047234
989, 0.021170
990, 0.115192
991, 0.049137
992, 0.020925
993, 0.119943
994, 0.046234
995, 0.025117
996, 0.130068
997, 0.044151
998, 0.027647
999, 0.124798
1000, 0.043102
1001, 0.022566
1002, 0.115836
1003, 0.043291
1004, 0.023681
1005, 0.115571
1006, 0.043749
1007, 0.025117
1008, 0.119554
1009, 0.042144
1010, 0.024435
1011, 0.129131
1012, 0.044569
1013, 0.022530
1014, 0.116381
1015, 0.044959
1016, 0.023571
1017, 0.124178
1018, 0.044467
1019, 0.023460
1020, 0.125614
1021, 0.042680
1022, 0.024089
1023, 0.119400
1024, 0.043491
1025, 0.024370
1026, 0.115869
1027, 0.043988
1028, 0.023836
1029, 0.115446
1030, 0.042051
1031, 0.023752
1032, 0.124194
1033, 0.041697
1034, 0.027037
1035, 0.118064
1036, 0.042016
1037, 0.025579
1038, 0.126771
1039, 0.041122
1040, 0.025414
1041, 0.133314
1042, 0.042558
1043, 0.022948
1044, 0.118008
1045, 0.041139
1046, 0.030333
1047, 0.116536
1048, 0.041925
1049, 0.026897
1050, 0.133815
1051, 0.043769
1052, 0.024084
1053, 0.118482
1054, 0.042760
1055, 0.026548
1056, 0.115493
1057, 0.043136
1058, 0.024066
1059, 0.123999
1060, 0.043380
1061, 0.026816
1062, 0.119538
1063, 0.045344
1064, 0.022161
1065, 0.118484
1066, 0.044806
1067, 0.025902
1068, 0.124361
1069, 0.044288
1070, 0.024793
1071, 0.117237
1072, 0.042968
1073, 0.026239
1074, 0.119821
1075, 0.043661
1076, 0.022354
1077, 0.115040
1078, 0.042526
1079, 0.025063
1080, 0.115538
1081, 0.042255
1082, 0.026987
1083, 0.114907
1084, 0.042155
1085, 0.021198
1086, 0.116664
1087, 0.042122
1088, 0.021114
1089, 0.120801
1090, 0.044529
1091, 0.024518
1092, 0.124428
1093, 0.042245
1094, 0.021348
1095, 0.122953
1096, 0.042902
1097, 0.022962
1098, 0.137639
1099, 0.042491
1100, 0.021764
1101, 0.116782
1102, 0.043153
1103, 0.022599
1104, 0.117187
1105, 0.041537
1106, 0.027314
1107, 0.121277
1108, 0.041471
1109, 0.025829
1110, 0.114005
1111, 0.040224
1112, 0.022760
1113, 0.114112
1114, 0.041989
1115, 0.023714
1116, 0.116872
1117, 0.041962
1118, 0.026047
1119, 0.114206
1120, 0.041016
1121, 0.024810
1122, 0.129386
1123, 0.041483
1124, 0.027372
1125, 0.123677
1126, 0.042796
1127, 0.023966
1128, 0.115454
1129, 0.043131
1130, 0.021889
1131, 0.114464
1132, 0.043697
1133, 0.021465
1134, 0.114658
1135, 0.043377
1136, 0.023265
1137, 0.129456
1138, 0.044091
1139, 0.022740
1140, 0.120517
1141, 0.042566
1142, 0.024191
1143, 0.123180
1144, 0.043401
1145, 0.021812
1146, 0.114877
1147, 0.043204
1148, 0.023908
1149, 0.114043
1150, 0.042392
1151, 0.023334
1152, 0.113323
1153, 0.044015
1154, 0.021985
1155, 0.116421
1156, 0.044277
1157, 0.021778
1158, 0.113691
1159, 0.044675
1160, 0.024283
1161, 0.116316
1162, 0.041850
1163, 0.022853
1164, 0.118292
1165, 0.042687
1166, 0.021582
1167, 0.114170
1168, 0.041579
1169, 0.022490
1170, 0.114617
1171, 0.041893
1172, 0.022671
1173, 0.114204
1174, 0.040743
1175, 0.022027
1176, 0.112606
1177, 0.040259
1178, 0.021787
1179, 0.112776
1180, 0.041146
1181, 0.024275
1182, 0.127125
1183, 0.039564
1184, 0.021547
1185, 0.113779
1186, 0.039083
1187, 0.023985
1188, 0.121706
1189, 0.040535
1190, 0.025546
1191, 0.125251
1192, 0.042344
1193, 0.023293
1194, 0.116631
1195, 0.041618
1196, 0.021381
1197, 0.113426
1198, 0.040435
1199, 0.023893
1200, 0.112214
1201, 0.040889
1202, 0.025878
1203, 0.112138
1204, 0.040593
1205, 0.021518
1206, 0.112257
1207, 0.041565
1208, 0.022222
1209, 0.119742
1210, 0.041174
1211, 0.020882
1212, 0.110891
1213, 0.041914
1214, 0.022309
1215, 0.111209
1216, 0.041441
1217, 0.022886
1218, 0.111456
1219, 0.040664
1220, 0.020919
1221, 0.121969
1222, 0.039884
1223, 0.021726
1224, 0.110256
1225, 0.040477
1226, 0.022038
1227, 0.127032
1228, 0.042310
1229, 0.021977
1230, 0.114568
1231, 0.040909
1232, 0.021808
1233, 0.110565
1234, 0.039972
1235, 0.021996
1236, 0.110932
1237, 0.040519
1238, 0.022126
1239, 0.114392
1240, 0.040541
1241, 0.022473
1242, 0.110551
1243, 0.041516
1244, 0.021734
1245, 0.110960
1246, 0.042171
1247, 0.023474
1248, 0.115094
1249, 0.040966
1250, 0.021664
1251, 0.117826
1252, 0.041775
1253, 0.021710
1254, 0.118924
1255, 0.041356
1256, 0.023276
1257, 0.109649
1258, 0.040661
1259, 0.020805
1260, 0.108812
1261, 0.041693
1262, 0.023730
1263, 0.111699
1264, 0.040608
1265, 0.021191
1266, 0.109544
1267, 0.040750
1268, 0.021444
1269, 0.109969
1270, 0.040896
1271, 0.021513
1272, 0.118468
1273, 0.041345
1274, 0.021482
1275, 0.108553
1276, 0.043131
1277, 0.022572
1278, 0.110371
1279, 0.042768
1280, 0.023163
1281, 0.109252
1282, 0.041114
1283, 0.021869
1284, 0.113628
1285, 0.040847
1286, 0.022819
1287, 0.111143
1288, 0.040569
1289, 0.021066
1290, 0.108995
1291, 0.043677
1292, 0.020915
1293, 0.113764
1294, 0.040563
1295, 0.022643
1296, 0.121956
1297, 0.039068
1298, 0.024974
1299, 0.113153
1300, 0.038313
1301, 0.022378
1302, 0.108554
1303, 0.038562
1304, 0.022649
1305, 0.108361
1306, 0.038708
1307, 0.022712
1308, 0.109450
1309, 0.037284
1310, 0.023715
1311, 0.119263
1312, 0.039418
1313, 0.022780
1314, 0.109672
1315, 0.038858
1316, 0.023220
1317, 0.119418
1318, 0.038911
1319, 0.023175
1320, 0.117752
1321, 0.038344
1322, 0.024682
1323, 0.114885
1324, 0.037933
1325, 0.023549
1326, 0.107944
1327, 0.038949
1328, 0.022888
1329, 0.108688
1330, 0.037202
1331, 0.023783
1332, 0.116022
1333, 0.037546
1334, 0.025937
1335, 0.108893
1336, 0.037080
1337, 0.025041
1338, 0.121517
1339, 0.037632
1340, 0.023471
1341, 0.128087
1342, 0.038391
1343, 0.022993
1344, 0.109012
1345, 0.037568
1346, 0.026881
1347, 0.112059
1348, 0.038499
1349, 0.025378
1350, 0.127279
1351, 0.039618
1352, 0.023342
1353, 0.115030
1354, 0.038851
1355, 0.023991
1356, 0.109272
1357, 0.039958
1358, 0.021584
1359, 0.118319
1360, 0.040247
1361, 0.023026
1362, 0.115143
1363, 0.041550
1364, 0.022187
1365, 0.108905
1366, 0.041399
1367, 0.022222
1368, 0.118371
1369, 0.040804
1370, 0.022224
1371, 0.107952
1372, 0.039152
1373, 0.022343
1374, 0.114398
1375, 0.040186
1376, 0.023364
1377, 0.107575
1378, 0.039590
1379, 0.024557
1380, 0.107783
1381, 0.038037
1382, 0.024029
1383, 0.107066
1384, 0.038889
1385, 0.022137
1386, 0.107522
1387, 0.037830
1388, 0.021689
1389, 0.114836
1390, 0.039530
1391, 0.022678
1392, 0.111500
1393, 0.040205
1394, 0.023000
1395, 0.115640
1396, 0.039134
1397, 0.021923
1398, 0.128821
1399, 0.038633
1400, 0.022821
1401, 0.108134
1402, 0.039636
1403, 0.022939
1404, 0.109994
1405, 0.038942
1406, 0.026584
1407, 0.113749
1408, 0.039291
1409, 0.023589
1410, 0.106873
1411, 0.036989
1412, 0.023891
1413, 0.106599
1414, 0.038387
1415, 0.024693
1416, 0.109393
1417, 0.038563
1418, 0.025458
1419, 0.107362
1420, 0.038110
1421, 0.023351
1422, 0.124171
1423, 0.038150
1424, 0.024858
1425, 0.120795
1426, 0.038734
1427, 0.022403
1428, 0.109559
1429, 0.039663
1430, 0.023240
1431, 0.107593
1432, 0.039584
1433, 0.022597
1434, 0.109808
1435, 0.041468
1436, 0.023028
1437, 0.122710
1438, 0.040493
1439, 0.021918
1440, 0.112717
1441, 0.039767
1442, 0.024155
1443, 0.118369
1444, 0.040335
1445, 0.022716
1446, 0.108637
1447, 0.040529
1448, 0.023716
1449, 0.106752
1450, 0.039307
1451, 0.022718
1452, 0.106531
1453, 0.041204
1454, 0.022534
1455, 0.111636
1456, 0.042043
1457, 0.022365
1458, 0.107681
1459, 0.042034
1460, 0.026272
1461, 0.107349
1462, 0.038639
1463, 0.022798
1464, 0.110233
1465, 0.039697
1466, 0.022389
1467, 0.106123
1468, 0.038471
1469, 0.022063
1470, 0.107583
1471, 0.039937
1472, 0.022709
1473, 0.106590
1474, 0.039049
1475, 0.022055
1476, 0.105719
1477, 0.037849
1478, 0.022003
1479, 0.105816
1480, 0.039883
1481, 0.023694
1482, 0.116944
1483, 0.038157
1484, 0.022007
1485, 0.106277
1486, 0.037470
1487, 0.024308
1488, 0.111661
1489, 0.038987
1490, 0.024961
1491, 0.116702
1492, 0.039763
1493, 0.023132
1494, 0.108747
1495, 0.039386
1496, 0.021725
1497, 0.106681
1498, 0.038124
1499, 0.024547
1500, 0.106207
1501, 0.039624
1502, 0.025815
1503, 0.106027
1504, 0.038582
1505, 0.021827
1506, 0.106182
1507, 0.039361
1508, 0.023519
1509, 0.110542
1510, 0.039083
1511, 0.022057
1512, 0.104629
1513, 0.039401
1514, 0.022929
1515, 0.104498
1516, 0.038274
1517, 0.023491
1518, 0.105459
1519, 0.037825
1520, 0.022151
1521, 0.113847
1522, 0.037441
1523, 0.022559
1524, 0.104091
1525, 0.037804
1526, 0.022928
1527, 0.124501
1528, 0.040691
1529, 0.022943
1530, 0.105984
1531, 0.038888
1532, 0.023359
1533, 0.104875
1534, 0.037730
1535, 0.022721
1536, 0.104987
1537, 0.038576
1538, 0.022986
1539, 0.106688
1540, 0.038481
1541, 0.024944
1542, 0.104835
1543, 0.039498
1544, 0.022919
1545, 0.105062
1546, 0.040351
1547, 0.025100
1548, 0.107577
1549, 0.038378
1550, 0.022680
1551, 0.114220
1552, 0.039138
1553, 0.023224
1554, 0.113953
1555, 0.039208
1556, 0.025476
1557, 0.104551
1558, 0.038107
1559, 0.022145
1560, 0.103073
1561, 0.039608
1562, 0.024585
1563, 0.108525
1564, 0.038600
1565, 0.022458
1566, 0.105404
1567, 0.038772
1568, 0.023069
1569, 0.104125
1570, 0.039040
1571, 0.022837
1572, 0.108126
1573, 0.038814
1574, 0.022691
1575, 0.102552
1576, 0.041290
1577, 0.023645
1578, 0.104176
1579, 0.040833
1580, 0.024605
1581, 0.103768
1582, 0.038876
1583, 0.023229
1584, 0.108643
1585, 0.038909
1586, 0.024570
1587, 0.104056
1588, 0.038038
1589, 0.022541
1590, 0.104802
1591, 0.042043
1592, 0.022533
1593, 0.107707
1594, 0.038460
1595, 0.023849
1596, 0.113655
1597, 0.037453
1598, 0.026256
1599, 0.105670
1600, 0.036770
1601, 0.023617
1602, 0.103294
1603, 0.037148
1604, 0.023862
1605, 0.103034
1606, 0.037068
1607, 0.023716
1608, 0.104632
1609, 0.035694
1610, 0.025111
1611, 0.110249
1612, 0.037723
1613, 0.024582
1614, 0.104897
1615, 0.036832
1616, 0.024486
1617, 0.114074
1618, 0.037137
1619, 0.024685
1620, 0.110640
1621, 0.036994
1622, 0.027060
1623, 0.111285
1624, 0.036188
1625, 0.024799
1626, 0.102594
1627, 0.037328
1628, 0.024154
1629, 0.103735
1630, 0.035504
1631, 0.025317
1632, 0.110010
1633, 0.036280
1634, 0.027340
1635, 0.104801
1636, 0.035642
1637, 0.026207
1638, 0.116154
1639, 0.036842
1640, 0.024396
1641, 0.122078
1642, 0.037266
1643, 0.024301
1644, 0.104121
1645, 0.036581
1646, 0.027969
1647, 0.109426
1648, 0.037648
1649, 0.026638
1650, 0.120761
1651, 0.038515
1652, 0.024589
1653, 0.112515
1654, 0.037597
1655, 0.025280
1656, 0.105623
1657, 0.039234
1658, 0.022980
1659, 0.113317
1660, 0.039475
1661, 0.024341
1662, 0.111721
1663, 0.040548
1664, 0.023738
1665, 0.103545
1666, 0.040714
1667, 0.023495
1668, 0.113700
1669, 0.039750
1670, 0.023639
1671, 0.103588
1672, 0.037809
1673, 0.023693
1674, 0.110192
1675, 0.039360
1676, 0.025172
1677, 0.103790
1678, 0.038731
1679, 0.026063
1680, 0.103625
1681, 0.036576
1682, 0.025311
1683, 0.102587
1684, 0.037754
1685, 0.023516
1686, 0.102374
1687, 0.036158
1688, 0.023150
1689, 0.110702
1690, 0.037876
1691, 0.024096
1692, 0.105558
1693, 0.040076
1694, 0.024903
1695, 0.110559
1696, 0.037621
1697, 0.023363
1698, 0.122248
1699, 0.037344
1700, 0.024462
1701, 0.103197
1702, 0.038472
1703, 0.024459
1704, 0.105155
1705, 0.038218
1706, 0.028418
1707, 0.109163
1708, 0.038753
1709, 0.024755
1710, 0.103075
1711, 0.035620
1712, 0.025421
1713, 0.102444
1714, 0.036919
1715, 0.026217
1716, 0.105130
1717, 0.037196
1718, 0.026681
1719, 0.103737
1720, 0.037016
1721, 0.024383
1722, 0.120162
1723, 0.036794
1724, 0.025969
1725, 0.118370
1726, 0.037193
1727, 0.023714
1728, 0.106395
1729, 0.038426
1730, 0.024751
1731, 0.103895
1732, 0.037957
1733, 0.023993
1734, 0.107963
1735, 0.041154
1736, 0.024320
1737, 0.117360
1738, 0.039007
1739, 0.023352
1740, 0.108250
1741, 0.038685
1742, 0.025471
1743, 0.115285
1744, 0.038994
1745, 0.024223
1746, 0.106112
1747, 0.039686
1748, 0.025164
1749, 0.103037
1750, 0.037979
1751, 0.024062
1752, 0.103132
1753, 0.040232
1754, 0.023879
1755, 0.109652
1756, 0.041415
1757, 0.023717
1758, 0.104742
1759, 0.040949
1760, 0.028120
1761, 0.103540
1762, 0.037058
1763, 0.023921
1764, 0.105457
1765, 0.038217
1766, 0.023531
1767, 0.102596
1768, 0.036927
1769, 0.023317
1770, 0.104702
1771, 0.039299
1772, 0.023894
1773, 0.104513
1774, 0.038210
1775, 0.023304
1776, 0.102151
1777, 0.036608
1778, 0.023315
1779, 0.102534
1780, 0.039590
1781, 0.024856
1782, 0.111798
1783, 0.037468
1784, 0.023175
1785, 0.102678
1786, 0.036786
1787, 0.025513
1788, 0.105628
1789, 0.038371
1790, 0.026032
1791, 0.110959
1792, 0.038554
1793, 0.024257
1794, 0.105073
1795, 0.038440
1796, 0.023022
1797, 0.103210
1798, 0.036831
1799, 0.025925
1800, 0.103856
1801, 0.039299
1802, 0.027066
1803, 0.103322
1804, 0.037488
1805, 0.023138
1806, 0.103593
1807, 0.038151
1808, 0.024857
1809, 0.105143
1810, 0.037959
1811, 0.023271
1812, 0.101154
1813, 0.038052
1814, 0.024174
1815, 0.100761
1816, 0.036505
1817, 0.024773
1818, 0.102570
1819, 0.036214
1820, 0.023499
1821, 0.109869
1822, 0.036081
1823, 0.023841
1824, 0.100082
1825, 0.036398
1826, 0.024288
1827, 0.122718
1828, 0.040418
1829, 0.024401
1830, 0.102665
1831, 0.037987
1832, 0.024849
1833, 0.102489
1834, 0.036440
1835, 0.024125
1836, 0.102955
1837, 0.037587
1838, 0.024334
1839, 0.102270
1840, 0.037397
1841, 0.026955
1842, 0.102458
1843, 0.038303
1844, 0.024204
1845, 0.101873
1846, 0.039449
1847, 0.026527
1848, 0.103212
1849, 0.036797
1850, 0.023975
1851, 0.112390
1852, 0.037573
1853, 0.024573
1854, 0.110351
1855, 0.037996
1856, 0.027229
1857, 0.102447
1858, 0.036511
1859, 0.023505
1860, 0.099404
1861, 0.038433
1862, 0.025988
1863, 0.107458
1864, 0.037435
1865, 0.023772
1866, 0.104463
1867, 0.037544
1868, 0.024403
1869, 0.100279
1870, 0.038094
1871, 0.024091
1872, 0.101951
1873, 0.037264
1874, 0.024043
1875, 0.098857
1876, 0.040469
1877, 0.024960
1878, 0.100487
1879, 0.039881
1880, 0.026054
1881, 0.101874
1882, 0.037449
1883, 0.024538
1884, 0.106226
1885, 0.037848
1886, 0.025967
1887, 0.099749
1888, 0.036416
1889, 0.023717
1890, 0.102749
1891, 0.041336
1892, 0.023783
1893, 0.104161
1894, 0.037290
1895, 0.025161
1896, 0.109163
1897, 0.036552
1898, 0.027790
1899, 0.103143
1900, 0.035794
1901, 0.024594
1902, 0.100043
1903, 0.036257
1904, 0.025033
1905, 0.099364
1906, 0.036115
1907, 0.024825
1908, 0.103729
1909, 0.034533
1910, 0.026390
1911, 0.104590
1912, 0.036649
1913, 0.025793
1914, 0.102310
1915, 0.035427
1916, 0.025562
1917, 0.110884
1918, 0.035980
1919, 0.025941
1920, 0.106747
1921, 0.036289
1922, 0.028568
1923, 0.109383
1924, 0.034917
1925, 0.025890
1926, 0.099084
1927, 0.036292
1928, 0.025242
1929, 0.100727
1930, 0.034311
1931, 0.026452
1932, 0.107478
1933, 0.035453
1934, 0.028602
1935, 0.103955
1936, 0.034571
1937, 0.027218
1938, 0.112972
1939, 0.036338
1940, 0.025382
1941, 0.118053
1942, 0.036499
1943, 0.025330
1944, 0.102366
1945, 0.035875
1946, 0.029229
1947, 0.108489
1948, 0.037013
1949, 0.027638
1950, 0.116522
1951, 0.037896
1952, 0.025516
1953, 0.111441
1954, 0.036811
1955, 0.026405
1956, 0.103835
1957, 0.038815
1958, 0.024154
1959, 0.110298
1960, 0.039096
1961, 0.025600
1962, 0.109991
1963, 0.039854
1964, 0.024795
1965, 0.101125
1966, 0.040352
1967, 0.024684
1968, 0.110949
1969, 0.039041
1970, 0.024874
1971, 0.102009
1972, 0.036826
1973, 0.025032
1974, 0.106778
1975, 0.038918
1976, 0.026216
1977, 0.102034
1978, 0.038149
1979, 0.027110
1980, 0.101416
1981, 0.035455
1982, 0.026542
1983, 0.099235
1984, 0.036966
1985, 0.024283
1986, 0.098867
1987, 0.034994
1988, 0.024096
1989, 0.108144
1990, 0.036765
1991, 0.025286
1992, 0.103621
1993, 0.040439
1994, 0.025763
1995, 0.107327
1996, 0.036614
1997, 0.024486
1998, 0.118557
1999, 0.036453
2000, 0.025529
2001, 0.100174
2002, 0.037868
2003, 0.025506
2004, 0.101576
2005, 0.038127
2006, 0.029845
2007, 0.106287
2008, 0.038465
2009, 0.025770
2010, 0.100627
2011, 0.034634
2012, 0.026163
2013, 0.099352
2014, 0.035795
2015, 0.026928
2016, 0.102300
2017, 0.036156
2018, 0.027468
2019, 0.101275
2020, 0.036314
2021, 0.025200
2022, 0.117566
2023, 0.035914
2024, 0.027094
2025, 0.116934
2026, 0.036154
2027, 0.024806
2028, 0.104402
2029, 0.037734
2030, 0.025494
2031, 0.101713
2032, 0.036845
2033, 0.024777
2034, 0.106885
2035, 0.041367
2036, 0.025254
2037, 0.113709
2038, 0.038131
2039, 0.024494
2040, 0.105142
2041, 0.038245
2042, 0.026511
2043, 0.113308
2044, 0.038210
2045, 0.025145
2046, 0.104643
2047, 0.039589
2048, 0.026279
2049, 0.100483
2050, 0.037153
2051, 0.025106
2052, 0.101104
2053, 0.039689
2054, 0.024674
2055, 0.108466
2056, 0.041195
2057, 0.024531
2058, 0.102693
2059, 0.040288
2060, 0.028859
2061, 0.101755
2062, 0.036008
2063, 0.024644
2064, 0.102013
2065, 0.037318
2066, 0.024035
2067, 0.100696
2068, 0.035947
2069, 0.024355
2070, 0.103284
2071, 0.039314
2072, 0.024780
2073, 0.104353
2074, 0.037852
2075, 0.024277
2076, 0.099470
2077, 0.035859
2078, 0.024323
2079, 0.100479
2080, 0.039810
2081, 0.025995
2082, 0.109051
2083, 0.037166
2084, 0.023919
2085, 0.100421
2086, 0.036570
2087, 0.026451
2088, 0.101447
2089, 0.038188
2090, 0.027078
2091, 0.107173
2092, 0.037726
2093, 0.025237
2094, 0.102963
2095, 0.037883
2096, 0.023938
2097, 0.100952
2098, 0.035938
2099, 0.026865
2100, 0.102931
2101, 0.039504
2102, 0.028078
2103, 0.101402
2104, 0.036810
2105, 0.024126
2106, 0.102374
2107, 0.037303
2108, 0.025459
2109, 0.101475
2110, 0.037422
2111, 0.023906
2112, 0.097595
2113, 0.037274
2114, 0.025131
2115, 0.097437
2116, 0.035256
2117, 0.025610
2118, 0.100718
2119, 0.035222
2120, 0.024341
2121, 0.107563
2122, 0.035303
2123, 0.024676
2124, 0.095986
2125, 0.035584
2126, 0.025271
2127, 0.121195
2128, 0.040997
2129, 0.025523
2130, 0.101309
2131, 0.037696
2132, 0.025853
2133, 0.101222
2134, 0.035605
2135, 0.025262
2136, 0.102370
2137, 0.037037
2138, 0.025275
2139, 0.098807
2140, 0.036824
2141, 0.027950
2142, 0.101215
2143, 0.037483
2144, 0.025003
2145, 0.099379
2146, 0.038930
2147, 0.027261
2148, 0.099932
2149, 0.035677
2150, 0.024918
2151, 0.111112
2152, 0.036470
2153, 0.025268
2154, 0.106689
2155, 0.037230
2156, 0.028027
2157, 0.101186
2158, 0.035320
2159, 0.024395
2160, 0.095585
2161, 0.037781
2162, 0.027152
2163, 0.107200
2164, 0.036814
2165, 0.024646
2166, 0.104595
2167, 0.036757
2168, 0.025140
2169, 0.096584
2170, 0.037599
2171, 0.024864
2172, 0.097245
2173, 0.036149
2174, 0.025034
2175, 0.095318
2176, 0.040178
2177, 0.025906
2178, 0.097255
2179, 0.039529
2180, 0.027146
2181, 0.101090
2182, 0.036512
2183, 0.025509
2184, 0.104284
2185, 0.037265
2186, 0.026733
2187, 0.095886
2188, 0.035215
2189, 0.024353
2190, 0.100953
2191, 0.041050
2192, 0.024558
2193, 0.101213
2194, 0.036593
2195, 0.026188
2196, 0.106193
2197, 0.036120
2198, 0.029249
2199, 0.102423
2200, 0.035145
2201, 0.024926
2202, 0.096917
2203, 0.035739
2204, 0.025863
2205, 0.095584
2206, 0.035494
2207, 0.025602
2208, 0.104057
2209, 0.033570
2210, 0.027264
2211, 0.100402
2212, 0.035849
2213, 0.026364
2214, 0.100405
2215, 0.034238
2216, 0.026053
2217, 0.108055
2218, 0.035031
2219, 0.026822
2220, 0.103931
2221, 0.035876
2222, 0.029172
2223, 0.108299
2224, 0.033791
2225, 0.026592
2226, 0.095612
2227, 0.035468
2228, 0.025990
2229, 0.097930
2230, 0.033355
2231, 0.027208
2232, 0.106063
2233, 0.034894
2234, 0.029672
2235, 0.104101
2236, 0.033580
2237, 0.027612
2238, 0.110186
2239, 0.035980
2240, 0.026087
2241, 0.115193
2242, 0.035857
2243, 0.025932
2244, 0.101629
2245, 0.035338
2246, 0.030626
2247, 0.108575
2248, 0.036466
2249, 0.028282
2250, 0.113395
2251, 0.037334
2252, 0.025947
2253, 0.111277
2254, 0.036200
2255, 0.027234
2256, 0.102673
2257, 0.038573
2258, 0.025025
2259, 0.108386
2260, 0.039025
2261, 0.026751
2262, 0.109296
2263, 0.039271
2264, 0.025515
2265, 0.099627
2266, 0.040017
2267, 0.025690
2268, 0.108967
2269, 0.038528
2270, 0.025969
2271, 0.101433
2272, 0.036011
2273, 0.026327
2274, 0.102916
2275, 0.038497
2276, 0.026666
2277, 0.100691
2278, 0.037777
2279, 0.027924
2280, 0.099720
2281, 0.034430
2282, 0.027685
2283, 0.095619
2284, 0.036399
2285, 0.024502
2286, 0.095270
2287, 0.034045
2288, 0.024645
2289, 0.106068
2290, 0.035801
2291, 0.026259
2292, 0.103209
2293, 0.041335
2294, 0.025917
2295, 0.104673
2296, 0.035859
2297, 0.025401
2298, 0.115740
2299, 0.035654
2300, 0.026284
2301, 0.097506
2302, 0.037427
2303, 0.026183
2304, 0.098040
2305, 0.038416
2306, 0.030892
2307, 0.103653
2308, 0.038410
2309, 0.026718
2310, 0.098383
2311, 0.033784
2312, 0.026310
2313, 0.096128
2314, 0.034809
2315, 0.027159
2316, 0.099657
2317, 0.035253
2318, 0.027967
2319, 0.098870
2320, 0.035796
2321, 0.025866
2322, 0.115382
2323, 0.035202
2324, 0.028295
2325, 0.116192
2326, 0.035143
2327, 0.025735
2328, 0.102734
2329, 0.037130
2330, 0.025758
2331, 0.100051
2332, 0.035808
2333, 0.025234
2334, 0.105621
2335, 0.041922
2336, 0.025993
2337, 0.110794
2338, 0.037419
2339, 0.025456
2340, 0.102232
2341, 0.038064
2342, 0.027561
2343, 0.111731
2344, 0.037616
2345, 0.025685
2346, 0.103168
2347, 0.039722
2348, 0.027242
2349, 0.098106
2350, 0.036398
2351, 0.025950
2352, 0.099479
2353, 0.039150
2354, 0.025089
2355, 0.107189
2356, 0.041070
2357, 0.025032
2358, 0.100672
2359, 0.039765
2360, 0.029057
2361, 0.100685
2362, 0.035048
2363, 0.025125
2364, 0.098830
2365, 0.036605
2366, 0.024117
2367, 0.099289
2368, 0.035074
2369, 0.025303
2370, 0.102297
2371, 0.039636
2372, 0.025557
2373, 0.105184
2374, 0.037784
2375, 0.025120
2376, 0.096837
2377, 0.035200
2378, 0.025203
2379, 0.098787
2380, 0.040280
2381, 0.027220
2382, 0.107234
2383, 0.037001
2384, 0.024383
2385, 0.098554
2386, 0.036456
2387, 0.027300
2388, 0.097730
2389, 0.038077
2390, 0.028149
2391, 0.104215
2392, 0.036733
2393, 0.026152
2394, 0.101390
2395, 0.037194
2396, 0.024625
2397, 0.099031
2398, 0.034988
2399, 0.027535
2400, 0.102707
2401, 0.039907
2402, 0.028933
2403, 0.099452
2404, 0.036167
2405, 0.024930
2406, 0.101686
2407, 0.036398
2408, 0.025581
2409, 0.098220
2410, 0.037084
2411, 0.024237
2412, 0.093477
2413, 0.036596
2414, 0.026035
2415, 0.093850
2416, 0.033910
2417, 0.026203
2418, 0.099096
2419, 0.034303
2420, 0.024966
2421, 0.105747
2422, 0.034601
2423, 0.025316
2424, 0.091478
2425, 0.034777
2426, 0.026159
2427, 0.119842
2428, 0.041887
2429, 0.026567
2430, 0.100648
2431, 0.037452
2432, 0.026704
2433, 0.100286
2434, 0.034668
2435, 0.026321
2436, 0.102432
2437, 0.036357
2438, 0.025992
2439, 0.095338
2440, 0.036194
2441, 0.028292
2442, 0.100316
2443, 0.036518
2444, 0.025584
2445, 0.096860
2446, 0.038277
2447, 0.027676
2448, 0.096769
2449, 0.034418
2450, 0.025739
2451, 0.110021
2452, 0.035168
2453, 0.025638
2454, 0.102632
2455, 0.036339
2456, 0.028354
2457, 0.099984
2458, 0.033920
2459, 0.025103
2460, 0.091219
2461, 0.037133
2462, 0.028350
2463, 0.107472
2464, 0.036225
2465, 0.025367
2466, 0.105329
2467, 0.035881
2468, 0.025665
2469, 0.092554
2470, 0.036987
2471, 0.025493
2472, 0.092638
2473, 0.034807
2474, 0.025958
2475, 0.091378
2476, 0.039832
2477, 0.026767
2478, 0.093790
2479, 0.039219
2480, 0.028245
2481, 0.100610
2482, 0.035490
2483, 0.026451
2484, 0.102149
2485, 0.036585
2486, 0.027282
2487, 0.091738
2488, 0.033791
2489, 0.024802
2490, 0.098862
2491, 0.040623
2492, 0.025225
2493, 0.098124
2494, 0.035747
2495, 0.027254
2496, 0.103541
2497, 0.035638
2498, 0.031011
2499, 0.102284
2500, 0.034313
2501, 0.024957
2502, 0.093387
2503, 0.035139
2504, 0.026662
2505, 0.091333
2506, 0.034651
2507, 0.026305
2508, 0.104873
2509, 0.032284
2510, 0.028108
2511, 0.096417
2512, 0.034740
2513, 0.026753
2514, 0.098525
2515, 0.032646
2516, 0.026303
2517, 0.104957
2518, 0.033706
2519, 0.027761
2520, 0.101198
2521, 0.035201
2522, 0.029512
2523, 0.107540
2524, 0.032240
2525, 0.027239
2526, 0.091653
2527, 0.034292
2528, 0.026724
2529, 0.094756
2530, 0.032062
2531, 0.028026
2532, 0.104788
2533, 0.034097
2534, 0.030936
2535, 0.104565
2536, 0.032145
2537, 0.027730
2538, 0.107163
2539, 0.035365
2540, 0.026801
2541, 0.112594
2542, 0.034823
2543, 0.026489
2544, 0.101075
2545, 0.034495
2546, 0.032486
2547, 0.109319
2548, 0.035569
2549, 0.028853
2550, 0.110364
2551, 0.036290
2552, 0.026227
2553, 0.111728
2554, 0.035212
2555, 0.028067
2556, 0.101579
2557, 0.038102
2558, 0.025854
2559, 0.106853
2560, 0.038840
2561, 0.028066
2562, 0.109209
2563, 0.038259
2564, 0.026240
2565, 0.098192
2566, 0.039252
2567, 0.026768
2568, 0.107012
2569, 0.037677
2570, 0.027203
2571, 0.101129
2572, 0.034756
2573, 0.027839
2574, 0.098485
2575, 0.037589
2576, 0.027071
2577, 0.099149
2578, 0.037216
2579, 0.028910
2580, 0.097869
2581, 0.032926
2582, 0.029035
2583, 0.091361
2584, 0.035604
2585, 0.024629
2586, 0.091041
2587, 0.032702
2588, 0.025204
2589, 0.103789
2590, 0.034314
2591, 0.027422
2592, 0.103210
2593, 0.042585
2594, 0.026014
2595, 0.101800
2596, 0.034704
2597, 0.026424
2598, 0.112876
2599, 0.034292
2600, 0.027266
2601, 0.094473
2602, 0.036507
2603, 0.026920
2604, 0.094043
2605, 0.038595
2606, 0.032042
2607, 0.100717
2608, 0.038250
2609, 0.027872
2610, 0.095737
2611, 0.032502
2612, 0.026369
2613, 0.092315
2614, 0.033362
2615, 0.027411
2616, 0.096638
2617, 0.033933
2618, 0.028574
2619, 0.096025
2620, 0.034991
2621, 0.026642
2622, 0.112904
2623, 0.034052
2624, 0.029830
2625, 0.115862
2626, 0.033475
2627, 0.026735
2628, 0.100861
2629, 0.035938
2630, 0.025996
2631, 0.098302
2632, 0.034106
2633, 0.025749
2634, 0.103785
2635, 0.042401
2636, 0.026835
2637, 0.107819
2638, 0.036097
2639, 0.026515
2640, 0.098991
2641, 0.037502
2642, 0.028992
2643, 0.110066
2644, 0.036433
2645, 0.026233
2646, 0.101372
2647, 0.039509
2648, 0.028417
2649, 0.095365
2650, 0.035096
2651, 0.026915
2652, 0.097647
2653, 0.038109
2654, 0.025538
2655, 0.105341
2656, 0.040578
2657, 0.025605
2658, 0.098158
2659, 0.038761
2660, 0.029324
2661, 0.099625
2662, 0.033501
2663, 0.025697
2664, 0.095188
2665, 0.035385
2666, 0.024233
2667, 0.097747
2668, 0.033572
2669, 0.026470
2670, 0.101200
2671, 0.039770
2672, 0.026591
2673, 0.106529
2674, 0.037479
2675, 0.026136
2676, 0.093751
2677, 0.033934
2678, 0.026305
2679, 0.096846
2680, 0.040529
2681, 0.028806
2682, 0.105486
2683, 0.036441
2684, 0.024917
2685, 0.096388
2686, 0.035892
2687, 0.028459
2688, 0.093498
2689, 0.037492
2690, 0.029457
2691, 0.101043
2692, 0.034912
2693, 0.027176
2694, 0.099691
2695, 0.035793
2696, 0.025348
2697, 0.096804
2698, 0.033251
2699, 0.028442
2700, 0.102604
2701, 0.040108
2702, 0.030000
2703, 0.097134
2704, 0.035009
2705, 0.025792
2706, 0.100942
2707, 0.034842
2708, 0.025821
2709, 0.094474
2710, 0.036365
2711, 0.024671
2712, 0.088670
2713, 0.035362
2714, 0.027277
2715, 0.089618
2716, 0.031696
2717, 0.026982
2718, 0.097168
2719, 0.032720
2720, 0.025779
2721, 0.103683
2722, 0.033263
2723, 0.026242
2724, 0.086311
2725, 0.033201
2726, 0.027474
2727, 0.118412
2728, 0.042406
2729, 0.027920
2730, 0.099901
2731, 0.036512
2732, 0.027860
2733, 0.099153
2734, 0.032851
2735, 0.027592
2736, 0.102517
2737, 0.034846
2738, 0.026862
2739, 0.091100
2740, 0.034763
2741, 0.028774
2742, 0.099201
2743, 0.034700
2744, 0.026317
2745, 0.093670
2746, 0.036872
2747, 0.028294
2748, 0.092973
2749, 0.032244
2750, 0.026731
2751, 0.108648
2752, 0.032783
2753, 0.026206
2754, 0.098017
2755, 0.034551
2756, 0.029025
2757, 0.098410
2758, 0.031524
2759, 0.025984
2760, 0.086024
2761, 0.035742
2762, 0.030165
2763, 0.107818
2764, 0.034888
2765, 0.026310
2766, 0.106208
2767, 0.034058
2768, 0.026610
2769, 0.087760
2770, 0.035502
2771, 0.026473
2772, 0.087276
2773, 0.032363
2774, 0.027251
2775, 0.086597
2776, 0.038691
2777, 0.028032
2778, 0.089504
2779, 0.038188
2780, 0.029868
2781, 0.099817
2782, 0.033530
2783, 0.027745
2784, 0.099534
2785, 0.035087
2786, 0.028193
2787, 0.086744
2788, 0.031313
2789, 0.025459
2790, 0.095882
2791, 0.039419
2792, 0.026243
2793, 0.094389
2794, 0.033925
2795, 0.028922
2796, 0.100455
2797, 0.034358
2798, 0.033782
2799, 0.101911
2800, 0.032599
2801, 0.025196
2802, 0.089049
2803, 0.033806
2804, 0.027914
2805, 0.086295
2806, 0.032893
2807, 0.027359
2808, 0.105547
2809, 0.029879
2810, 0.029653
2811, 0.091642
2812, 0.032553
2813, 0.027577
2814, 0.096016
2815, 0.029840
2816, 0.026864
2817, 0.101269
2818, 0.031293
2819, 0.029489
2820, 0.097915
2821, 0.033532
2822, 0.030438
2823, 0.106347
2824, 0.029498
2825, 0.028285
2826, 0.086790
2827, 0.032014
2828, 0.027876
2829, 0.090752
2830, 0.029561
2831, 0.029597
2832, 0.103136
2833, 0.032269
2834, 0.033089
2835, 0.104659
2836, 0.029570
2837, 0.028188
2838, 0.103588
2839, 0.033886
2840, 0.028062
2841, 0.109126
2842, 0.032603
2843, 0.027575
2844, 0.099962
2845, 0.032481
2846, 0.035485
2847, 0.110063
2848, 0.033585
2849, 0.029667
2850, 0.106376
2851, 0.034021
2852, 0.026768
2853, 0.112236
2854, 0.032900
2855, 0.029382
2856, 0.099932
2857, 0.036538
2858, 0.026977
2859, 0.104886
2860, 0.037636
2861, 0.030224
2862, 0.109124
2863, 0.035889
2864, 0.027383
2865, 0.096104
2866, 0.037327
2867, 0.028369
2868, 0.104299
2869, 0.035407
2870, 0.029044
2871, 0.100480
2872, 0.031905
2873, 0.030198
2874, 0.093547
2875, 0.035533
2876, 0.028122
2877, 0.097248
2878, 0.035609
2879, 0.030590
2880, 0.095320
2881, 0.030017
2882, 0.031173
2883, 0.086251
2884, 0.033752
2885, 0.025227
2886, 0.085930
2887, 0.029951
2888, 0.026427
2889, 0.100448
2890, 0.031485
2891, 0.029725
2892, 0.102794
2893, 0.043567
2894, 0.026861
2895, 0.097855
2896, 0.031982
2897, 0.028009
2898, 0.109512
2899, 0.031502
2900, 0.029375
2901, 0.090720
2902, 0.034176
2903, 0.028298
2904, 0.089210
2905, 0.037684
2906, 0.034122
2907, 0.097352
2908, 0.037268
2909, 0.029591
2910, 0.092088
2911, 0.029867
2912, 0.026986
2913, 0.087576
2914, 0.030518
2915, 0.028320
2916, 0.092794
2917, 0.031366
2918, 0.029888
2919, 0.092366
2920, 0.033160
2921, 0.027905
2922, 0.109194
2923, 0.031506
2924, 0.032327
2925, 0.115353
2926, 0.030250
2927, 0.028112
2928, 0.098145
2929, 0.033217
2930, 0.026721
2931, 0.096068
2932, 0.030737
2933, 0.026796
2934, 0.100852
2935, 0.041725
2936, 0.028239
2937, 0.104138
2938, 0.032885
2939, 0.028168
2940, 0.095070
2941, 0.035401
2942, 0.031570
2943, 0.107681
2944, 0.033121
2945, 0.027359
2946, 0.099356
2947, 0.037975
2948, 0.030527
2949, 0.091869
2950, 0.032216
2951, 0.028569
2952, 0.095216
2953, 0.035799
2954, 0.026528
2955, 0.102192
2956, 0.038812
2957, 0.026742
2958, 0.094527
2959, 0.036156
2960, 0.030283
2961, 0.097901
2962, 0.030214
2963, 0.026850
2964, 0.090486
2965, 0.032386
2966, 0.025115
2967, 0.095362
2968, 0.030193
2969, 0.028676
2970, 0.099750
2971, 0.038755
2972, 0.028578
2973, 0.107736
2974, 0.035582
2975, 0.027832
2976, 0.089859
2977, 0.030828
2978, 0.028336
2979, 0.094001
2980, 0.039689
2981, 0.031250
2982, 0.103434
2983, 0.034444
2984, 0.026068
2985, 0.093154
2986, 0.034034
2987, 0.030700
2988, 0.087960
2989, 0.035574
2990, 0.031267
2991, 0.096670
2992, 0.031548
2993, 0.028328
2994, 0.097410
2995, 0.032995
2996, 0.026363
2997, 0.093822
2998, 0.029723
2999, 0.030697
3000, 0.102065
3001, 0.039242
3002, 0.031841
3003, 0.094614
3004, 0.032416
3005, 0.026914
3006, 0.099840
3007, 0.031992
3008, 0.027100
3009, 0.089757
3010, 0.034252
3011, 0.025716
3012, 0.083289
3013, 0.032705
3014, 0.029456
3015, 0.084633
3016, 0.027784
3017, 0.028544
3018, 0.094751
3019, 0.029275
3020, 0.027300
3021, 0.101093
3022, 0.030157
3023, 0.028412
3024, 0.080401
3025, 0.029942
3026, 0.029919
3027, 0.116294
3028, 0.041334
3029, 0.029755
3030, 0.098326
3031, 0.033899
3032, 0.029284
3033, 0.097569
3034, 0.029206
3035, 0.029496
3036, 0.101902
3037, 0.031786
3038, 0.028201
3039, 0.085592
3040, 0.031640
3041, 0.029913
3042, 0.097478
3043, 0.031263
3044, 0.027398
3045, 0.089252
3046, 0.034081
3047, 0.029402
3048, 0.088176
3049, 0.028312
3050, 0.028061
3051, 0.106249
3052, 0.028638
3053, 0.027461
3054, 0.093117
3055, 0.031060
3056, 0.030766
3057, 0.096395
3058, 0.027444
3059, 0.027261
3060, 0.080061
3061, 0.032766
3062, 0.033573
3063, 0.107585
3064, 0.031509
3065, 0.027537
3066, 0.106394
3067, 0.030328
3068, 0.028362
3069, 0.082161
3070, 0.032426
3071, 0.028052
3072, 0.081018
3073, 0.028422
3074, 0.029119
3075, 0.080894
3076, 0.035925
3077, 0.029733
3078, 0.084071
3079, 0.035377
3080, 0.031619
3081, 0.097854
3082, 0.029582
3083, 0.029186
3084, 0.096678
3085, 0.032093
3086, 0.029538
3087, 0.080665
3088, 0.027165
3089, 0.026386
3090, 0.091149
3091, 0.037137
3092, 0.027868
3093, 0.089928
3094, 0.030622
3095, 0.031717
3096, 0.097173
3097, 0.031423
3098, 0.037495
3099, 0.100354
3100, 0.029375
3101, 0.025764
3102, 0.083821
3103, 0.031002
3104, 0.029951
3105, 0.080502
3106, 0.029840
3107, 0.028955
3108, 0.104756
3109, 0.025792
3110, 0.031920
3111, 0.085660
3112, 0.028970
3113, 0.028478
3114, 0.092172
3115, 0.025672
3116, 0.027891
3117, 0.097512
3118, 0.027746
3119, 0.032058
3120, 0.094180
3121, 0.030604
3122, 0.031562
3123, 0.103926
3124, 0.025429
3125, 0.029661
3126, 0.080945
3127, 0.028415
3128, 0.029248
3129, 0.085773
3130, 0.025430
3131, 0.031761
3132, 0.100988
3133, 0.028933
3134, 0.035916
3135, 0.103083
3136, 0.025766
3137, 0.029020
3138, 0.100086
3139, 0.031141
3140, 0.030054
3141, 0.104336
3142, 0.028920
3143, 0.028759
3144, 0.097190
3145, 0.028876
3146, 0.038675
3147, 0.109871
3148, 0.030244
3149, 0.030046
3150, 0.100913
3151, 0.030671
3152, 0.027349
3153, 0.112005
3154, 0.029343
3155, 0.031031
3156, 0.096730
3157, 0.033617
3158, 0.027848
3159, 0.101853
3160, 0.035134
3161, 0.033093
3162, 0.108304
3163, 0.032102
3164, 0.028091
3165, 0.092167
3166, 0.034469
3167, 0.030064
3168, 0.100165
3169, 0.031657
3170, 0.030579
3171, 0.098096
3172, 0.027657
3173, 0.032575
3174, 0.089525
3175, 0.032461
3176, 0.028863
3177, 0.094376
3178, 0.032808
3179, 0.032091
3180, 0.091053
3181, 0.025935
3182, 0.033618
3183, 0.080221
3184, 0.030716
3185, 0.026109
3186, 0.079742
3187, 0.025942
3188, 0.028286
3189, 0.095326
3190, 0.027896
3191, 0.032431
3192, 0.100435
3193, 0.043705
3194, 0.027320
3195, 0.092065
3196, 0.028100
3197, 0.029410
3198, 0.106772
3199, 0.027849
3200, 0.031661
3201, 0.085608
3202, 0.030923
3203, 0.029584
3204, 0.083397
3205, 0.036184
3206, 0.036218
3207, 0.093477
3208, 0.035560
3209, 0.031256
3210, 0.086495
3211, 0.026242
3212, 0.027710
3213, 0.081432
3214, 0.026526
3215, 0.029421
3216, 0.087448
3217, 0.027671
3218, 0.031589
3219, 0.087120
3220, 0.030382
3221, 0.029161
3222, 0.103881
3223, 0.027929
3224, 0.034888
3225, 0.114333
3226, 0.026209
3227, 0.028903
3228, 0.093350
3229, 0.029590
3230, 0.027049
3231, 0.092039
3232, 0.026624
3233, 0.027587
3234, 0.095525
3235, 0.040589
3236, 0.029483
3237, 0.099276
3238, 0.028915
3239, 0.029624
3240, 0.090627
3241, 0.032603
3242, 0.033123
3243, 0.104165
3244, 0.028897
3245, 0.028218
3246, 0.096222
3247, 0.036390
3248, 0.032428
3249, 0.086603
3250, 0.028566
3251, 0.029971
3252, 0.090878
3253, 0.032490
3254, 0.027159
3255, 0.096902
3256, 0.036205
3257, 0.027534
3258, 0.088591
3259, 0.032371
3260, 0.030682
3261, 0.093640
3262, 0.026086
3263, 0.027919
3264, 0.083946
3265, 0.028505
3266, 0.026287
3267, 0.090433
3268, 0.026004
3269, 0.030639
3270, 0.096472
3271, 0.037000
3272, 0.029611
3273, 0.106568
3274, 0.032547
3275, 0.028787
3276, 0.084078
3277, 0.026965
3278, 0.029738
3279, 0.088666
3280, 0.038048
3281, 0.032333
3282, 0.100066
3283, 0.031802
3284, 0.027234
3285, 0.087307
3286, 0.031886
3287, 0.031879
3288, 0.080586
3289, 0.032980
3290, 0.032107
3291, 0.090755
3292, 0.027404
3293, 0.028687
3294, 0.092772
3295, 0.029632
3296, 0.026805
3297, 0.088610
3298, 0.025429
3299, 0.032607
3300, 0.098840
3301, 0.038117
3302, 0.032879
3303, 0.090411
3304, 0.029137
3305, 0.027378
3306, 0.096183
3307, 0.028148
3308, 0.028614
3309, 0.083066
3310, 0.031503
3311, 0.026611
3312, 0.076719
3313, 0.029201
3314, 0.031121
3315, 0.077775
3316, 0.023268
3317, 0.029756
3318, 0.089874
3319, 0.025173
3320, 0.028431
3321, 0.096949
3322, 0.026502
3323, 0.030599
3324, 0.072880
3325, 0.025891
3326, 0.031259
3327, 0.113707
3328, 0.039961
3329, 0.030431
3330, 0.093385
3331, 0.031122
3332, 0.029808
3333, 0.093025
3334, 0.025245
3335, 0.030909
3336, 0.097840
3337, 0.028296
3338, 0.028720
3339, 0.077529
3340, 0.028334
3341, 0.030557
3342, 0.092590
3343, 0.027269
3344, 0.028102
3345, 0.081948
3346, 0.030727
3347, 0.030143
3348, 0.080864
3349, 0.023982
3350, 0.028880
3351, 0.101797
3352, 0.024136
3353, 0.028436
3354, 0.088153
3355, 0.027070
3356, 0.032646
3357, 0.091359
3358, 0.023082
3359, 0.028104
3360, 0.072148
3361, 0.028580
3362, 0.035562
3363, 0.104687
3364, 0.027815
3365, 0.027841
3366, 0.103115
3367, 0.025943
3368, 0.029400
3369, 0.074457
3370, 0.028807
3371, 0.029124
3372, 0.072212
3373, 0.024061
3374, 0.030106
3375, 0.072445
3376, 0.032264
3377, 0.030324
3378, 0.075508
3379, 0.032179
3380, 0.032315
3381, 0.091849
3382, 0.025454
3383, 0.030060
3384, 0.091730
3385, 0.029010
3386, 0.030667
3387, 0.071668
3388, 0.022889
3389, 0.026871
3390, 0.082737
3391, 0.033949
3392, 0.029060
3393, 0.083545
3394, 0.026924
3395, 0.033563
3396, 0.092464
3397, 0.028798
3398, 0.040030
3399, 0.094525
3400, 0.026487
3401, 0.026199
3402, 0.075891
3403, 0.028641
3404, 0.031735
3405, 0.072394
3406, 0.026947
3407, 0.029947
3408, 0.099472
3409, 0.022067
3410, 0.032721
3411, 0.076890
3412, 0.025362
3413, 0.028829
3414, 0.084675
3415, 0.021517
3416, 0.028688
3417, 0.092619
3418, 0.023880
3419, 0.034645
3420, 0.088351
3421, 0.027681
3422, 0.032632
3423, 0.098233
3424, 0.021373
3425, 0.030849
3426, 0.072013
3427, 0.024510
3428, 0.030174
3429, 0.077755
3430, 0.021461
3431, 0.033025
3432, 0.096153
3433, 0.025627
3434, 0.038422
3435, 0.096750
3436, 0.021886
3437, 0.029785
3438, 0.095491
3439, 0.028148
3440, 0.032634
3441, 0.097386
3442, 0.024951
3443, 0.028976
3444, 0.089733
3445, 0.025305
3446, 0.040450
3447, 0.105936
3448, 0.027112
3449, 0.029961
3450, 0.092903
3451, 0.027216
3452, 0.027618
3453, 0.108896
3454, 0.025982
3455, 0.032166
3456, 0.089269
3457, 0.031111
3458, 0.027948
3459, 0.096058
3460, 0.033227
3461, 0.034524
3462, 0.104725
3463, 0.028530
3464, 0.027899
3465, 0.083758
3466, 0.031516
3467, 0.031043
3468, 0.092974
3469, 0.028569
3470, 0.030919
3471, 0.090968
3472, 0.024010
3473, 0.033548
3474, 0.085016
3475, 0.029600
3476, 0.029548
3477, 0.087687
3478, 0.030989
3479, 0.033197
3480, 0.082651
3481, 0.022099
3482, 0.035444
3483, 0.071441
3484, 0.028455
3485, 0.026759
3486, 0.070536
3487, 0.022404
3488, 0.029625
3489, 0.087070
3490, 0.023703
3491, 0.033394
3492, 0.093160
3493, 0.044947
3494, 0.027814
3495, 0.083101
3496, 0.024771
3497, 0.030138
3498, 0.104046
3499, 0.024094
3500, 0.034048
3501, 0.076779
3502, 0.027517
3503, 0.030422
3504, 0.074873
3505, 0.035407
3506, 0.037716
3507, 0.087076
3508, 0.034242
3509, 0.033013
3510, 0.076905
3511, 0.023183
3512, 0.028128
3513, 0.071928
3514, 0.022783
3515, 0.030319
3516, 0.078731
3517, 0.023985
3518, 0.033239
3519, 0.078171
3520, 0.027461
3521, 0.030168
3522, 0.096476
3523, 0.024544
3524, 0.036135
3525, 0.111475
3526, 0.022344
3527, 0.028856
3528, 0.084467
3529, 0.026074
3530, 0.027019
3531, 0.083637
3532, 0.022682
3533, 0.027986
3534, 0.086397
3535, 0.040029
3536, 0.030031
3537, 0.092251
3538, 0.025347
3539, 0.030269
3540, 0.083917
3541, 0.030905
3542, 0.033643
3543, 0.098313
3544, 0.026013
3545, 0.028619
3546, 0.090054
3547, 0.036048
3548, 0.033628
3549, 0.077471
3550, 0.025517
3551, 0.030697
3552, 0.082248
3553, 0.029294
3554, 0.027226
3555, 0.088604
3556, 0.034013
3557, 0.027652
3558, 0.078912
3559, 0.028956
3560, 0.030824
3561, 0.084597
3562, 0.022479
3563, 0.028508
3564, 0.073946
3565, 0.025356
3566, 0.027093
3567, 0.080897
3568, 0.022208
3569, 0.031092
3570, 0.089053
3571, 0.035989
3572, 0.029699
3573, 0.100216
3574, 0.030861
3575, 0.028796
3576, 0.074617
3577, 0.023990
3578, 0.030003
3579, 0.079089
3580, 0.037076
3581, 0.032194
3582, 0.093641
3583, 0.030633
3584, 0.028466
3585, 0.077409
3586, 0.030263
3587, 0.031652
3588, 0.070362
3589, 0.030730
3590, 0.032045
3591, 0.082591
3592, 0.023073
3593, 0.028435
3594, 0.084146
3595, 0.025975
3596, 0.026817
3597, 0.079521
3598, 0.021544
3599, 0.033256
3600, 0.090881
3601, 0.037476
3602, 0.033107
3603, 0.082720
3604, 0.026140
3605, 0.027239
3606, 0.088033
3607, 0.024058
3608, 0.030108
3609, 0.073126
3610, 0.029323
3611, 0.026936
3612, 0.067548
3613, 0.025609
3614, 0.031591
3615, 0.067522
3616, 0.019073
3617, 0.030316
3618, 0.080676
3619, 0.021844
3620, 0.028989
3621, 0.089971
3622, 0.023557
3623, 0.032134
3624, 0.062334
3625, 0.021888
3626, 0.031726
3627, 0.111267
3628, 0.038912
3629, 0.030497
3630, 0.083436
3631, 0.028774
3632, 0.030284
3633, 0.083839
3634, 0.021800
3635, 0.031282
3636, 0.088550
3637, 0.024947
3638, 0.028615
3639, 0.066040
3640, 0.025730
3641, 0.031589
3642, 0.083005
3643, 0.023651
3644, 0.028374
3645, 0.070804
3646, 0.027243
3647, 0.030530
3648, 0.069925
3649, 0.020150
3650, 0.029011
3651, 0.095401
3652, 0.020016
3653, 0.028980
3654, 0.081809
3655, 0.023373
3656, 0.034842
3657, 0.081771
3658, 0.019089
3659, 0.028870
3660, 0.060820
3661, 0.024542
3662, 0.035813
3663, 0.097787
3664, 0.025277
3665, 0.027439
3666, 0.094916
3667, 0.022338
3668, 0.029828
3669, 0.063343
3670, 0.025258
3671, 0.029647
3672, 0.059734
3673, 0.019926
3674, 0.030196
3675, 0.060056
3676, 0.028636
3677, 0.030216
3678, 0.062910
3679, 0.029607
3680, 0.032667
3681, 0.080875
3682, 0.022387
3683, 0.030483
3684, 0.083908
3685, 0.026670
3686, 0.031554
3687, 0.058858
3688, 0.019326
3689, 0.026839
3690, 0.070618
3691, 0.030428
3692, 0.029443
3693, 0.074194
3694, 0.023617
3695, 0.034454
3696, 0.085078
3697, 0.027966
3698, 0.042366
3699, 0.083575
3700, 0.024931
3701, 0.026288
3702, 0.064273
3703, 0.028151
3704, 0.032676
3705, 0.060822
3706, 0.024797
3707, 0.030206
3708, 0.089149
3709, 0.019880
3710, 0.032579
3711, 0.064754
3712, 0.022493
3713, 0.028856
3714, 0.073115
3715, 0.017924
3716, 0.028828
3717, 0.085704
3718, 0.020091
3719, 0.037340
3720, 0.079494
3721, 0.024810
3722, 0.034041
3723, 0.089255
3724, 0.017781
3725, 0.031614
3726, 0.059157
3727, 0.020639
3728, 0.030489
3729, 0.065880
3730, 0.018368
3731, 0.033362
3732, 0.088188
3733, 0.022929
3734, 0.040845
3735, 0.085323
3736, 0.018304
3737, 0.030086
3738, 0.088776
3739, 0.024987
3740, 0.035487
3741, 0.089063
3742, 0.021418
3743, 0.028251
3744, 0.077047
3745, 0.022345
3746, 0.041627
3747, 0.097623
3748, 0.024278
3749, 0.029493
3750, 0.083792
3751, 0.023565
3752, 0.027393
3753, 0.102933
3754, 0.022955
3755, 0.032603
3756, 0.077439
3757, 0.029088
3758, 0.027357
3759, 0.087491
3760, 0.032619
3761, 0.034786
3762, 0.098397
3763, 0.025856
3764, 0.027122
3765, 0.070475
3766, 0.028883
3767, 0.031377
3768, 0.083613
3769, 0.027006
3770, 0.030406
3771, 0.078695
3772, 0.021721
3773, 0.033533
3774, 0.077590
3775, 0.027732
3776, 0.030219
3777, 0.076687
3778, 0.031157
3779, 0.033810
3780, 0.069800
3781, 0.018962
3782, 0.036480
3783, 0.058915
3784, 0.027576
3785, 0.026772
3786, 0.057604
3787, 0.020119
3788, 0.029696
3789, 0.076403
3790, 0.019947
3791, 0.033336
3792, 0.080872
3793, 0.046854
3794, 0.028250
3795, 0.071937
3796, 0.022550
3797, 0.029751
3798, 0.099882
3799, 0.021003
3800, 0.036417
3801, 0.063943
3802, 0.024521
3803, 0.030447
3804, 0.062870
3805, 0.035556
3806, 0.038640
3807, 0.077474
3808, 0.032944
3809, 0.034209
3810, 0.063324
3811, 0.020931
3812, 0.027705
3813, 0.058697
3814, 0.020014
3815, 0.030330
3816, 0.066376
3817, 0.021101
3818, 0.034035
3819, 0.065354
3820, 0.024732
3821, 0.030228
3822, 0.088559
3823, 0.021912
3824, 0.036334
3825, 0.107774
3826, 0.018974
3827, 0.027886
3828, 0.072233
3829, 0.023195
3830, 0.026290
3831, 0.070877
3832, 0.019408
3833, 0.027494
3834, 0.075281
3835, 0.040439
3836, 0.029682
3837, 0.084470
3838, 0.022811
3839, 0.029834
3840, 0.073621
3841, 0.031167
3842, 0.033380
3843, 0.091859
3844, 0.024881
3845, 0.028296
3846, 0.080234
3847, 0.036974
3848, 0.034098
3849, 0.064169
3850, 0.023197
3851, 0.030397
3852, 0.069396
3853, 0.026291
3854, 0.026462
3855, 0.079303
3856, 0.032310
3857, 0.026922
3858, 0.066727
3859, 0.026482
3860, 0.030680
3861, 0.071082
3862, 0.019856
3863, 0.027960
3864, 0.061188
3865, 0.023641
3866, 0.026758
3867, 0.067363
3868, 0.019821
3869, 0.029999
3870, 0.077358
3871, 0.036737
3872, 0.029008
3873, 0.089048
3874, 0.031162
3875, 0.027693
3876, 0.061431
3877, 0.022576
3878, 0.028977
3879, 0.065839
3880, 0.036566
3881, 0.031268
3882, 0.083946
3883, 0.030385
3884, 0.029022
3885, 0.063988
3886, 0.029037
3887, 0.030532
3888, 0.057941
3889, 0.028559
3890, 0.031016
3891, 0.073301
3892, 0.018905
3893, 0.027132
3894, 0.071610
3895, 0.022248
3896, 0.025938
3897, 0.066839
3898, 0.018592
3899, 0.032851
3900, 0.078671
3901, 0.036387
3902, 0.032513
3903, 0.071187
3904, 0.023283
3905, 0.025896
3906, 0.075574
3907, 0.020325
3908, 0.030728
3909, 0.060299
3910, 0.028103
3911, 0.025981
3912, 0.054874
3913, 0.022897
3914, 0.030452
3915, 0.053807
3916, 0.015695
3917, 0.029590
3918, 0.067482
3919, 0.019738
3920, 0.028039
3921, 0.079716
3922, 0.022069
3923, 0.032135
3924, 0.048532
3925, 0.018478
3926, 0.030726
3927, 0.111200
3928, 0.037219
3929, 0.029556
3930, 0.069187
3931, 0.026273
3932, 0.029769
3933, 0.070269
3934, 0.019074
3935, 0.029759
3936, 0.074681
3937, 0.021942
3938, 0.027526
3939, 0.052033
3940, 0.023848
3941, 0.032038
3942, 0.069210
3943, 0.021043
3944, 0.027020
3945, 0.056769
3946, 0.024469
3947, 0.029957
3948, 0.056245
3949, 0.017591
3950, 0.027339
3951, 0.088874
3952, 0.017081
3953, 0.028294
3954, 0.071843
3955, 0.021534
3956, 0.035783
3957, 0.068084
3958, 0.016163
3959, 0.027521
3960, 0.046067
3961, 0.023076
3962, 0.035117
3963, 0.088365
3964, 0.026110
3965, 0.025619
3966, 0.083491
3967, 0.021207
3968, 0.028734
3969, 0.049117
3970, 0.024011
3971, 0.028197
3972, 0.045381
3973, 0.016667
3974, 0.028655
3975, 0.045188
3976, 0.027089
3977, 0.028675
3978, 0.048423
3979, 0.029722
3980, 0.031646
3981, 0.067268
3982, 0.021727
3983, 0.028922
3984, 0.073186
3985, 0.026400
3986, 0.030851
3987, 0.044555
3988, 0.017088
3989, 0.024867
3990, 0.058024
3991, 0.028454
3992, 0.027876
3993, 0.062008
3994, 0.022173
3995, 0.033585
3996, 0.074981
3997, 0.029914
3998, 0.042831
3999, 0.069898
4000, 0.023952
4001, 0.024536
4002, 0.050449
4003, 0.028313
4004, 0.031152
4005, 0.047061
4006, 0.022042
4007, 0.028508
4008, 0.076821
4009, 0.018276
4010, 0.030713
4011, 0.051683
4012, 0.019692
4013, 0.027275
4014, 0.059923
4015, 0.014910
4016, 0.026677
4017, 0.076039
4018, 0.016807
4019, 0.037293
4020, 0.067704
4021, 0.022788
4022, 0.033806
4023, 0.079771
4024, 0.014968
4025, 0.029621
4026, 0.044140
4027, 0.017647
4028, 0.028602
4029, 0.051342
4030, 0.017026
4031, 0.031182
4032, 0.076950
4033, 0.022883
4034, 0.040770
4035, 0.072204
4036, 0.015038
4037, 0.028132
4038, 0.078732
4039, 0.022745
4040, 0.034938
4041, 0.082426
4042, 0.018263
4043, 0.026123
4044, 0.061600
4045, 0.020145
4046, 0.040850
4047, 0.087549
4048, 0.021248
4049, 0.027769
4050, 0.076888
4051, 0.019637
4052, 0.025444
4053, 0.097006
4054, 0.020611
4055, 0.031053
4056, 0.064099
4057, 0.027529
4058, 0.024880
4059, 0.078829
4060, 0.033150
4061, 0.033155
4062, 0.092193
4063, 0.023775
4064, 0.025070
4065, 0.054331
4066, 0.026679
4067, 0.029723
4068, 0.075119
4069, 0.027025
4070, 0.028374
4071, 0.063206
4072, 0.021059
4073, 0.031445
4074, 0.064397
4075, 0.027212
4076, 0.029315
4077, 0.061519
4078, 0.033768
4079, 0.032334
4080, 0.054047
4081, 0.016908
4082, 0.034738
4083, 0.043222
4084, 0.028170
4085, 0.024462
4086, 0.042032
4087, 0.020300
4088, 0.026593
4089, 0.065879
4090, 0.017609
4091, 0.031553
4092, 0.065344
4093, 0.045815
4094, 0.027159
4095, 0.061227
4096, 0.023612
4097, 0.026663
4098, 0.090926
4099, 0.019865
4100, 0.036139
4101, 0.048668
4102, 0.026783
4103, 0.027349
4104, 0.048247
4105, 0.040529
4106, 0.036952
4107, 0.064703
4108, 0.034402
4109, 0.031789
4110, 0.048579
4111, 0.021554
4112, 0.025373
4113, 0.044054
4114, 0.019613
4115, 0.027505
4116, 0.052524
4117, 0.021679
4118, 0.031099
4119, 0.051275
4120, 0.026476
4121, 0.026809
4122, 0.084356
4123, 0.023883
4124, 0.035141
4125, 0.108262
4126, 0.016757
4127, 0.025090
4128, 0.061839
4129, 0.023517
4130, 0.023584
4131, 0.057692
4132, 0.017498
4133, 0.024177
4134, 0.067878
4135, 0.041605
4136, 0.026961
4137, 0.080400
4138, 0.025722
4139, 0.027009
4140, 0.059965
4141, 0.034634
4142, 0.030489
4143, 0.090595
4144, 0.028704
4145, 0.025678
4146, 0.067057
4147, 0.037628
4148, 0.031451
4149, 0.049938
4150, 0.023633
4151, 0.027187
4152, 0.056620
4153, 0.023861
4154, 0.023482
4155, 0.076028
4156, 0.030847
4157, 0.024030
4158, 0.058275
4159, 0.025894
4160, 0.029081
4161, 0.057867
4162, 0.020845
4163, 0.024205
4164, 0.051540
4165, 0.026555
4166, 0.023496
4167, 0.055619
4168, 0.022992
4169, 0.025825
4170, 0.063735
4171, 0.035276
4172, 0.026132
4173, 0.078402
4174, 0.030837
4175, 0.024181
4176, 0.048320
4177, 0.024671
4178, 0.025170
4179, 0.053992
4180, 0.031539
4181, 0.028868
4182, 0.071737
4183, 0.026601
4184, 0.026016
4185, 0.051391
4186, 0.026345
4187, 0.027615
4188, 0.048613
4189, 0.025089
4190, 0.028314
4191, 0.068694
4192, 0.015729
4193, 0.024059
4194, 0.057392
4195, 0.019834
4196, 0.022378
4197, 0.054150
4198, 0.018090
4199, 0.030537
4200, 0.065841
4201, 0.030413
4202, 0.030158
4203, 0.056697
4204, 0.021588
4205, 0.022290
4206, 0.061168
4207, 0.017958
4208, 0.028169
4209, 0.048738
4210, 0.025951
4211, 0.022462
4212, 0.040358
4213, 0.021768
4214, 0.026364
4215, 0.039836
4216, 0.013710
4217, 0.026196
4218, 0.053159
4219, 0.021758
4220, 0.023876
4221, 0.066364
4222, 0.022967
4223, 0.028159
4224, 0.034739
4225, 0.019187
4226, 0.026603
4227, 0.118092
4228, 0.030897
4229, 0.026807
4230, 0.054916
4231, 0.024859
4232, 0.026751
4233, 0.055208
4234, 0.020454
4235, 0.025600
4236, 0.060761
4237, 0.020505
4238, 0.024291
4239, 0.041773
4240, 0.022109
4241, 0.030311
4242, 0.054775
4243, 0.019302
4244, 0.022597
4245, 0.045652
4246, 0.022143
4247, 0.027169
4248, 0.045561
4249, 0.017991
4250, 0.022815
4251, 0.089313
4252, 0.017585
4253, 0.024985
4254, 0.057506
4255, 0.024780
4256, 0.032744
4257, 0.053141
4258, 0.017838
4259, 0.021204
4260, 0.032307
4261, 0.027694
4262, 0.032346
4263, 0.082445
4264, 0.026741
4265, 0.021791
4266, 0.074591
4267, 0.024766
4268, 0.025684
4269, 0.035819
4270, 0.025073
4271, 0.023306
4272, 0.036171
4273, 0.017468
4274, 0.023943
4275, 0.033593
4276, 0.027130
4277, 0.025273
4278, 0.039143
4279, 0.026059
4280, 0.028744
4281, 0.056679
4282, 0.022669
4283, 0.024488
4284, 0.059132
4285, 0.023036
4286, 0.027833
4287, 0.034893
4288, 0.019078
4289, 0.020236
4290, 0.053280
4291, 0.025688
4292, 0.023056
4293, 0.048185
4294, 0.021920
4295, 0.029299
4296, 0.061400
4297, 0.021455
4298, 0.039443
4299, 0.056191
4300, 0.019818
4301, 0.021399
4302, 0.037098
4303, 0.019908
4304, 0.025571
4305, 0.033236
4306, 0.018673
4307, 0.024518
4308, 0.065257
4309, 0.017464
4310, 0.027363
4311, 0.042381
4312, 0.017186
4313, 0.024080
4314, 0.048786
4315, 0.013889
4316, 0.022054
4317, 0.062768
4318, 0.016782
4319, 0.030652
4320, 0.053732
4321, 0.021347
4322, 0.031859
4323, 0.073147
4324, 0.017891
4325, 0.023516
4326, 0.031284
4327, 0.021200
4328, 0.023048
4329, 0.037876
4330, 0.020539
4331, 0.026283
4332, 0.062980
4333, 0.020905
4334, 0.034961
4335, 0.061813
4336, 0.019129
4337, 0.023652
4338, 0.066861
4339, 0.022958
4340, 0.026888
4341, 0.082088
4342, 0.024387
4343, 0.023565
4344, 0.049789
4345, 0.022357
4346, 0.035015
4347, 0.080405
4348, 0.023250
4349, 0.024815
4350, 0.083322
4351, 0.024507
4352, 0.021565
4353, 0.095313
4354, 0.023538
4355, 0.026188
4356, 0.057651
4357, 0.024569
4358, 0.020247
4359, 0.076485
4360, 0.024293
4361, 0.028615
4362, 0.089663
4363, 0.027735
4364, 0.021688
4365, 0.043004
4366, 0.027821
4367, 0.024751
4368, 0.077805
4369, 0.025980
4370, 0.024534
4371, 0.051162
4372, 0.023662
4373, 0.027103
4374, 0.046683
4375, 0.025164
4376, 0.026068
4377, 0.046174
4378, 0.022201
4379, 0.027232
4380, 0.040992
4381, 0.021700
4382, 0.028159
4383, 0.029973
4384, 0.020272
4385, 0.020410
4386, 0.029490
4387, 0.019054
4388, 0.020464
4389, 0.065312
4390, 0.021867
4391, 0.025233
4392, 0.050302
4393, 0.020148
4394, 0.024972
4395, 0.058982
4396, 0.020549
4397, 0.021161
4398, 0.076061
4399, 0.023037
4400, 0.030489
4401, 0.034639
4402, 0.020942
4403, 0.023314
4404, 0.033549
4405, 0.018452
4406, 0.032199
4407, 0.048479
4408, 0.019476
4409, 0.025131
4410, 0.033480
4411, 0.017506
4412, 0.023792
4413, 0.028596
4414, 0.021106
4415, 0.024073
4416, 0.037153
4417, 0.021367
4418, 0.026111
4419, 0.035553
4420, 0.018524
4421, 0.021610
4422, 0.084939
4423, 0.019037
4424, 0.030198
4425, 0.099171
4426, 0.022672
4427, 0.021471
4428, 0.050446
4429, 0.021573
4430, 0.021721
4431, 0.040978
4432, 0.025964
4433, 0.020206
4434, 0.064940
4435, 0.021382
4436, 0.022453
4437, 0.080133
4438, 0.023166
4439, 0.021833
4440, 0.040440
4441, 0.020370
4442, 0.026383
4443, 0.084150
4444, 0.022591
4445, 0.022753
4446, 0.044609
4447, 0.021313
4448, 0.026656
4449, 0.030460
4450, 0.020740
4451, 0.022746
4452, 0.035677
4453, 0.023842
4454, 0.020488
4455, 0.068024
4456, 0.024467
4457, 0.020610
4458, 0.044940
4459, 0.025447
4460, 0.027467
4461, 0.038069
4462, 0.019685
4463, 0.020182
4464, 0.038546
4465, 0.020100
4466, 0.019262
4467, 0.037291
4468, 0.019105
4469, 0.020663
4470, 0.040282
4471, 0.019349
4472, 0.022026
4473, 0.054462
4474, 0.018149
4475, 0.020195
4476, 0.027687
4477, 0.017250
4478, 0.020379
4479, 0.033108
4480, 0.019108
4481, 0.025511
4482, 0.049768
4483, 0.017053
4484, 0.020880
4485, 0.030211
4486, 0.016240
4487, 0.025512
4488, 0.030825
4489, 0.017540
4490, 0.026343
4491, 0.049129
4492, 0.022327
4493, 0.021222
4494, 0.034812
4495, 0.019625
4496, 0.018144
4497, 0.032035
4498, 0.017640
4499, 0.025620
4500, 0.041494
4501, 0.016396
4502, 0.027324
4503, 0.032604
4504, 0.016244
4505, 0.018366
4506, 0.036048
4507, 0.019656
4508, 0.022261
4509, 0.030007
4510, 0.014986
4511, 0.018635
4512, 0.020883
4513, 0.016487
4514, 0.021190
4515, 0.020830
4516, 0.019824
4517, 0.021535
4518, 0.030721
4519, 0.013869
4520, 0.018751
4521, 0.045887
4522, 0.013583
4523, 0.020722
4524, 0.017094
4525, 0.014384
4526, 0.021919
4527, 0.106735
4528, 0.017212
4529, 0.022819
4530, 0.032122
4531, 0.015624
4532, 0.022510
4533, 0.030496
4534, 0.015075
4535, 0.021314
4536, 0.035752
4537, 0.016061
4538, 0.020483
4539, 0.024203
4540, 0.014882
4541, 0.025898
4542, 0.030470
4543, 0.018270
4544, 0.019148
4545, 0.026332
4546, 0.018105
4547, 0.023588
4548, 0.026778
4549, 0.015879
4550, 0.018869
4551, 0.073601
4552, 0.019669
4553, 0.019846
4554, 0.037236
4555, 0.017571
4556, 0.025890
4557, 0.028956
4558, 0.021042
4559, 0.016831
4560, 0.016161
4561, 0.016426
4562, 0.025727
4563, 0.059310
4564, 0.013961
4565, 0.017807
4566, 0.050077
4567, 0.016520
4568, 0.019771
4569, 0.017747
4570, 0.015397
4571, 0.018699
4572, 0.019895
4573, 0.020201
4574, 0.019194
4575, 0.016454
4576, 0.016813
4577, 0.020996
4578, 0.021587
4579, 0.014585
4580, 0.024765
4581, 0.033401
4582, 0.013808
4583, 0.020197
4584, 0.035639
4585, 0.013363
4586, 0.022966
4587, 0.017304
4588, 0.014701
4589, 0.016657
4590, 0.035247
4591, 0.018395
4592, 0.017556
4593, 0.026880
4594, 0.013076
4595, 0.023216
4596, 0.039740
4597, 0.011651
4598, 0.032207
4599, 0.031764
4600, 0.011569
4601, 0.018377
4602, 0.017104
4603, 0.011555
4604, 0.020848
4605, 0.014499
4606, 0.011936
4607, 0.020351
4608, 0.038981
4609, 0.011453
4610, 0.022709
4611, 0.020813
4612, 0.013347
4613, 0.020348
4614, 0.025212
4615, 0.015288
4616, 0.018568
4617, 0.043549
4618, 0.015152
4619, 0.022683
4620, 0.034079
4621, 0.011858
4622, 0.027114
4623, 0.047197
4624, 0.016316
4625, 0.021348
4626, 0.014217
4627, 0.014056
4628, 0.019856
4629, 0.019530
4630, 0.010910
4631, 0.021491
4632, 0.041828
4633, 0.011286
4634, 0.029056
4635, 0.036816
4636, 0.015318
4637, 0.021124
4638, 0.048668
4639, 0.013078
4640, 0.021682
4641, 0.061044
4642, 0.015867
4643, 0.020008
4644, 0.026395
4645, 0.012768
4646, 0.032466
4647, 0.052245
4648, 0.014242
4649, 0.024227
4650, 0.066759
4651, 0.017117
4652, 0.018849
4653, 0.066388
4654, 0.014408
4655, 0.022850
4656, 0.031821
4657, 0.015565
4658, 0.017075
4659, 0.049638
4660, 0.014941
4661, 0.023450
4662, 0.059709
4663, 0.020680
4664, 0.017976
4665, 0.020969
4666, 0.020338
4667, 0.020198
4668, 0.055134
4669, 0.017359
4670, 0.020441
4671, 0.026078
4672, 0.015295
4673, 0.022494
4674, 0.028721
4675, 0.017302
4676, 0.020231
4677, 0.021349
4678, 0.013986
4679, 0.023330
4680, 0.018840
4681, 0.015188
4682, 0.024380
4683, 0.012991
4684, 0.012418
4685, 0.016100
4686, 0.011871
4687, 0.011473
4688, 0.015756
4689, 0.040141
4690, 0.018507
4691, 0.019489
4692, 0.028339
4693, 0.011948
4694, 0.018898
4695, 0.036275
4696, 0.012593
4697, 0.017599
4698, 0.061106
4699, 0.016450
4700, 0.020955
4701, 0.013717
4702, 0.013208
4703, 0.020072
4704, 0.016517
4705, 0.010814
4706, 0.029055
4707, 0.028713
4708, 0.012072
4709, 0.022633
4710, 0.014100
4711, 0.010188
4712, 0.019728
4713, 0.011665
4714, 0.013721
4715, 0.021152
4716, 0.019475
4717, 0.014229
4718, 0.023116
4719, 0.017062
4720, 0.011109
4721, 0.018731
4722, 0.062226
4723, 0.011670
4724, 0.026335
4725, 0.068797
4726, 0.015961
4727, 0.018393
4728, 0.026169
4729, 0.013842
4730, 0.017465
4731, 0.018315
4732, 0.020056
4733, 0.016150
4734, 0.041985
4735, 0.013459
4736, 0.018196
4737, 0.063664
4738, 0.015077
4739, 0.017609
4740, 0.024249
4741, 0.012384
4742, 0.020596
4743, 0.062369
4744, 0.014835
4745, 0.017834
4746, 0.024008
4747, 0.013352
4748, 0.021787
4749, 0.013392
4750, 0.013365
4751, 0.018862
4752, 0.014813
4753, 0.016190
4754, 0.016248
4755, 0.045610
4756, 0.016574
4757, 0.016418
4758, 0.023870
4759, 0.017578
4760, 0.023097
4761, 0.018192
4762, 0.012151
4763, 0.016674
4764, 0.019773
4765, 0.012359
4766, 0.014898
4767, 0.017872
4768, 0.011439
4769, 0.016785
4770, 0.020976
4771, 0.011220
4772, 0.017062
4773, 0.031678
4774, 0.010749
4775, 0.015670
4776, 0.011489
4777, 0.009975
4778, 0.015410
4779, 0.015109
4780, 0.011156
4781, 0.020141
4782, 0.036486
4783, 0.009917
4784, 0.014974
4785, 0.013698
4786, 0.009174
4787, 0.019680
4788, 0.014506
4789, 0.010246
4790, 0.022960
4791, 0.029761
4792, 0.014643
4793, 0.018162
4794, 0.018566
4795, 0.011565
4796, 0.014237
4797, 0.013970
4798, 0.010209
4799, 0.019556
4800, 0.021320
4801, 0.009125
4802, 0.022979
4803, 0.015834
4804, 0.009163
4805, 0.014890
4806, 0.017644
4807, 0.012052
4808, 0.016147
4809, 0.013662
4810, 0.008105
4811, 0.014112
4812, 0.009884
4813, 0.009129
4814, 0.016742
4815, 0.008639
4816, 0.012296
4817, 0.016712
4818, 0.013913
4819, 0.007333
4820, 0.014173
4821, 0.034266
4822, 0.007209
4823, 0.015008
4824, 0.007682
4825, 0.007664
4826, 0.016440
4827, 0.093050
4828, 0.009751
4829, 0.017693
4830, 0.016852
4831, 0.008803
4832, 0.016633
4833, 0.014910
4834, 0.008504
4835, 0.017457
4836, 0.018829
4837, 0.009158
4838, 0.015797
4839, 0.010853
4840, 0.008194
4841, 0.018771
4842, 0.015113
4843, 0.011067
4844, 0.015324
4845, 0.011801
4846, 0.010684
4847, 0.019028
4848, 0.012466
4849, 0.008798
4850, 0.015531
4851, 0.055859
4852, 0.012028
4853, 0.015305
4854, 0.025294
4855, 0.010178
4856, 0.019531
4857, 0.014387
4858, 0.013228
4859, 0.013161
4860, 0.007463
4861, 0.009301
4862, 0.021439
4863, 0.038051
4864, 0.007510
4865, 0.013904
4866, 0.031117
4867, 0.009263
4868, 0.014681
4869, 0.008823
4870, 0.008346
4871, 0.014187
4872, 0.009435
4873, 0.012353
4874, 0.015179
4875, 0.006842
4876, 0.009150
4877, 0.016640
4878, 0.009623
4879, 0.007543
4880, 0.019884
4881, 0.018058
4882, 0.007164
4883, 0.015927
4884, 0.024085
4885, 0.006809
4886, 0.017355
4887, 0.007402
4888, 0.007830
4889, 0.012737
4890, 0.020561
4891, 0.010294
4892, 0.013296
4893, 0.016478
4894, 0.006571
4895, 0.018252
4896, 0.031000
4897, 0.005831
4898, 0.025577
4899, 0.019077
4900, 0.005830
4901, 0.013828
4902, 0.007893
4903, 0.005817
4904, 0.016352
4905, 0.006738
4906, 0.005972
4907, 0.016285
4908, 0.023401
4909, 0.005749
4910, 0.017550
4911, 0.009463
4912, 0.006846
4913, 0.015534
4914, 0.012155
4915, 0.008165
4916, 0.014377
4917, 0.034134
4918, 0.008135
4919, 0.017559
4920, 0.025068
4921, 0.005870
4922, 0.020701
4923, 0.029202
4924, 0.008991
4925, 0.017753
4926, 0.006169
4927, 0.007416
4928, 0.016325
4929, 0.010231
4930, 0.005336
4931, 0.017287
4932, 0.032667
4933, 0.005643
4934, 0.024314
4935, 0.021974
4936, 0.008290
4937, 0.017059
4938, 0.039938
4939, 0.007018
4940, 0.017734
4941, 0.046277
4942, 0.009020
4943, 0.015850
4944, 0.014605
4945, 0.006731
4946, 0.028504
4947, 0.034831
4948, 0.007924
4949, 0.020589
4950, 0.057604
4951, 0.009997
4952, 0.015044
4953, 0.046773
4954, 0.008087
4955, 0.019049
4956, 0.017645
4957, 0.008991
4958, 0.013429
4959, 0.034133
4960, 0.008405
4961, 0.019590
4962, 0.041945
4963, 0.012903
4964, 0.013911
4965, 0.010771
4966, 0.012302
4967, 0.016126
4968, 0.043784
4969, 0.010275
4970, 0.016327
4971, 0.014194
4972, 0.008692
4973, 0.018345
4974, 0.020158
4975, 0.009926
4976, 0.015037
4977, 0.011167
4978, 0.007713
4979, 0.018328
4980, 0.009358
4981, 0.008684
4982, 0.019792
4983, 0.006446
4984, 0.006631
4985, 0.011830
4986, 0.005345
4987, 0.006011
4988, 0.011672
4989, 0.026873
4990, 0.011192
4991, 0.014914
4992, 0.018723
4993, 0.006119
4994, 0.013792
4995, 0.024536
4996, 0.006719
4997, 0.013513
4998, 0.057820
4999, 0.009688
5000, 0.015919
5001, 0.005569
5002, 0.007071
5003, 0.015541
5004, 0.009280
5005, 0.005415
5006, 0.023754
5007, 0.020367
5008, 0.006447
5009, 0.018615
5010, 0.006229
5011, 0.005202
5012, 0.015121
5013, 0.005139
5014, 0.007783
5015, 0.016656
5016, 0.011697
5017, 0.008233
5018, 0.018641
5019, 0.009147
5020, 0.005778
5021, 0.014761
5022, 0.051018
5023, 0.006301
5024, 0.022040
5025, 0.053052
5026, 0.009695
5027, 0.014406
5028, 0.014434
5029, 0.007841
5030, 0.013165
5031, 0.008577
5032, 0.012948
5033, 0.012144
5034, 0.029889
5035, 0.007443
5036, 0.014071
5037, 0.058613
5038, 0.009098
5039, 0.013639
5040, 0.016282
5041, 0.006933
5042, 0.016024
5043, 0.053336
5044, 0.009211
5045, 0.013445
5046, 0.015319
5047, 0.007756
5048, 0.017064
5049, 0.006500
5050, 0.008030
5051, 0.014510
5052, 0.006508
5053, 0.010088
5054, 0.012064
5055, 0.034564
5056, 0.010332
5057, 0.012285
5058, 0.013971
5059, 0.011295
5060, 0.017960
5061, 0.009452
5062, 0.007059
5063, 0.012648
5064, 0.011277
5065, 0.007099
5066, 0.010958
5067, 0.009219
5068, 0.006391
5069, 0.012834
5070, 0.012638
5071, 0.005996
5072, 0.012880
5073, 0.020431
5074, 0.005825
5075, 0.011690
5076, 0.005040
5077, 0.005301
5078, 0.011413
5079, 0.007359
5080, 0.005940
5081, 0.015586
5082, 0.031105
5083, 0.005245
5084, 0.010959
5085, 0.006689
5086, 0.004655
5087, 0.014943
5088, 0.007550
5089, 0.005339
5090, 0.018481
5091, 0.020996
5092, 0.008726
5093, 0.014115
5094, 0.011202
5095, 0.006263
5096, 0.010513
5097, 0.006426
5098, 0.005519
5099, 0.014810
5100, 0.011952
5101, 0.004506
5102, 0.018239
5103, 0.008587
5104, 0.004697
5105, 0.011096
5106, 0.009581
5107, 0.006882
5108, 0.011639
5109, 0.006750
5110, 0.003935
5111, 0.010221
5112, 0.004889
5113, 0.004659
5114, 0.012550
5115, 0.003743
5116, 0.007224
5117, 0.012412
5118, 0.006750
5119, 0.003562
5120, 0.010292
5121, 0.028799
5122, 0.003491
5123, 0.011022
5124, 0.003614
5125, 0.003747
5126, 0.012239
5127, 0.089323
5128, 0.005250
5129, 0.013390
5130, 0.009624
5131, 0.004678
5132, 0.012222
5133, 0.008104
5134, 0.004568
5135, 0.013241
5136, 0.010725
5137, 0.004947
5138, 0.011658
5139, 0.005083
5140, 0.004239
5141, 0.013687
5142, 0.008237
5143, 0.006467
5144, 0.011318
5145, 0.005410
5146, 0.005997
5147, 0.014397
5148, 0.006089
5149, 0.004710
5150, 0.011685
5151, 0.046820
5152, 0.007265
5153, 0.011270
5154, 0.017559
5155, 0.005792
5156, 0.014533
5157, 0.007977
5158, 0.008354
5159, 0.009584
5160, 0.003432
5161, 0.005162
5162, 0.016852
5163, 0.025428
5164, 0.003802
5165, 0.010157
5166, 0.020344
5167, 0.005060
5168, 0.010610
5169, 0.004313
5170, 0.004325
5171, 0.010267
5172, 0.004878
5173, 0.007515
5174, 0.011256
5175, 0.002822
5176, 0.004854
5177, 0.012496
5178, 0.004322
5179, 0.003715
5180, 0.015372
5181, 0.010175
5182, 0.003558
5183, 0.011851
5184, 0.017681
5185, 0.003280
5186, 0.012868
5187, 0.003186
5188, 0.004127
5189, 0.009183
5190, 0.012607
5191, 0.005644
5192, 0.009631
5193, 0.010565
5194, 0.003144
5195, 0.013872
5196, 0.025902
5197, 0.002754
5198, 0.020614
5199, 0.012320
5200, 0.002769
5201, 0.009963
5202, 0.003619
5203, 0.002744
5204, 0.012161
5205, 0.003078
5206, 0.002819
5207, 0.012129
5208, 0.014631
5209, 0.002770
5210, 0.013065
5211, 0.004491
5212, 0.003373
5213, 0.011346
5214, 0.005983
5215, 0.004367
5216, 0.010477
5217, 0.028286
5218, 0.004342
5219, 0.013272
5220, 0.019717
5221, 0.002734
5222, 0.015803
5223, 0.019035
5224, 0.005021
5225, 0.013712
5226, 0.002529
5227, 0.003820
5228, 0.012377
5229, 0.005460
5230, 0.002498
5231, 0.013033
5232, 0.027857
5233, 0.002658
5234, 0.019725
5235, 0.013629
5236, 0.004568
5237, 0.012952
5238, 0.034516
5239, 0.003683
5240, 0.013837
5241, 0.038134
5242, 0.005205
5243, 0.012052
5244, 0.008427
5245, 0.003464
5246, 0.024156
5247, 0.024030
5248, 0.004350
5249, 0.016454
5250, 0.053222
5251, 0.005959
5252, 0.011346
5253, 0.034124
5254, 0.004499
5255, 0.015137
5256, 0.010241
5257, 0.005139
5258, 0.010029
5259, 0.025701
5260, 0.004654
5261, 0.015711
5262, 0.031273
5263, 0.008312
5264, 0.010402
5265, 0.005485
5266, 0.007735
5267, 0.012416
5268, 0.037867
5269, 0.006328
5270, 0.012620
5271, 0.007856
5272, 0.005183
5273, 0.014498
5274, 0.013445
5275, 0.006066
5276, 0.011017
5277, 0.005976
5278, 0.004441
5279, 0.014063
5280, 0.004613
5281, 0.005377
5282, 0.015571
5283, 0.003051
5284, 0.003681
5285, 0.008438
5286, 0.002342
5287, 0.003297
5288, 0.008373
5289, 0.019195
5290, 0.007417
5291, 0.011126
5292, 0.012909
5293, 0.003159
5294, 0.009933
5295, 0.017858
5296, 0.003734
5297, 0.010044
5298, 0.055226
5299, 0.006251
5300, 0.012240
5301, 0.002071
5302, 0.003992
5303, 0.011931
5304, 0.005005
5305, 0.002749
5306, 0.019398
5307, 0.015002
5308, 0.003572
5309, 0.014642
5310, 0.002633
5311, 0.002756
5312, 0.011225
5313, 0.002078
5314, 0.004803
5315, 0.012610
5316, 0.007149
5317, 0.005205
5318, 0.014453
5319, 0.004912
5320, 0.003141
5321, 0.011045
5322, 0.044094
5323, 0.003609
5324, 0.017844
5325, 0.043452
5326, 0.006463
5327, 0.010874
5328, 0.008226
5329, 0.004716
5330, 0.009688
5331, 0.003886
5332, 0.009308
5333, 0.008917
5334, 0.022445
5335, 0.004227
5336, 0.010675
5337, 0.056794
5338, 0.006001
5339, 0.010384
5340, 0.010822
5341, 0.004191
5342, 0.012298
5343, 0.048209
5344, 0.006306
5345, 0.010033
5346, 0.009924
5347, 0.004939
5348, 0.013223
5349, 0.002985
5350, 0.005353
5351, 0.010951
5352, 0.002677
5353, 0.007014
5354, 0.008824
5355, 0.027543
5356, 0.007090
5357, 0.009064
5358, 0.008489
5359, 0.008040
5360, 0.013929
5361, 0.004834
5362, 0.004503
5363, 0.009446
5364, 0.006669
5365, 0.004454
5366, 0.008001
5367, 0.004724
5368, 0.003876
5369, 0.009696
5370, 0.007700
5371, 0.003433
5372, 0.009646
5373, 0.013342
5374, 0.003373
5375, 0.008668
5376, 0.001975
5377, 0.003007
5378, 0.008421
5379, 0.003420
5380, 0.003404
5381, 0.012094
5382, 0.026992
5383, 0.002971
5384, 0.008021
5385, 0.003146
5386, 0.002492
5387, 0.011449
5388, 0.003888
5389, 0.002985
5390, 0.014965
5391, 0.015770
5392, 0.005787
5393, 0.010899
5394, 0.006742
5395, 0.003693
5396, 0.007730
5397, 0.002781
5398, 0.003230
5399, 0.011304
5400, 0.006678
5401, 0.002307
5402, 0.014621
5403, 0.004540
5404, 0.002541
5405, 0.008233
5406, 0.005159
5407, 0.004334
5408, 0.008431
5409, 0.003276
5410, 0.001971
5411, 0.007418
5412, 0.002179
5413, 0.002521
5414, 0.009364
5415, 0.001431
5416, 0.004685
5417, 0.009224
5418, 0.003140
5419, 0.001772
5420, 0.007475
5421, 0.024658
5422, 0.001730
5423, 0.008100
5424, 0.001506
5425, 0.001878
5426, 0.009098
5427, 0.087193
5428, 0.003070
5429, 0.010167
5430, 0.005434
5431, 0.002686
5432, 0.009014
5433, 0.004344
5434, 0.002661
5435, 0.010039
5436, 0.006080
5437, 0.002912
5438, 0.008640
5439, 0.002191
5440, 0.002348
5441, 0.010133
5442, 0.004425
5443, 0.004228
5444, 0.008357
5445, 0.002267
5446, 0.003741
5447, 0.010967
5448, 0.002833
5449, 0.002748
5450, 0.008786
5451, 0.040517
5452, 0.004913
5453, 0.008360
5454, 0.011951
5455, 0.003620
5456, 0.010902
5457, 0.004434
5458, 0.005906
5459, 0.006979
5460, 0.001409
5461, 0.003122
5462, 0.013288
5463, 0.017189
5464, 0.001984
5465, 0.007434
5466, 0.013445
5467, 0.002949
5468, 0.007722
5469, 0.001861
5470, 0.002362
5471, 0.007458
5472, 0.002545
5473, 0.005061
5474, 0.008369
5475, 0.001005
5476, 0.002779
5477, 0.009436
5478, 0.001763
5479, 0.001901
5480, 0.011969
5481, 0.005705
5482, 0.001823
5483, 0.008855
5484, 0.013225
5485, 0.001608
5486, 0.009615
5487, 0.001240
5488, 0.002312
5489, 0.006662
5490, 0.007780
5491, 0.003380
5492, 0.007019
5493, 0.006728
5494, 0.001524
5495, 0.010620
5496, 0.021959
5497, 0.001311
5498, 0.016795
5499, 0.008042
5500, 0.001328
5501, 0.007217
5502, 0.001490
5503, 0.001293
5504, 0.009047
5505, 0.001240
5506, 0.001327
5507, 0.009033
5508, 0.009218
5509, 0.001355
5510, 0.009779
5511, 0.002052
5512, 0.001718
5513, 0.008332
5514, 0.002825
5515, 0.002510
5516, 0.007708
5517, 0.023793
5518, 0.002494
5519, 0.010076
5520, 0.015801
5521, 0.001272
5522, 0.012204
5523, 0.012704
5524, 0.003045
5525, 0.010631
5526, 0.000858
5527, 0.002078
5528, 0.009377
5529, 0.002809
5530, 0.001174
5531, 0.009823
5532, 0.024330
5533, 0.001249
5534, 0.016074
5535, 0.008569
5536, 0.002727
5537, 0.009927
5538, 0.030309
5539, 0.002065
5540, 0.010827
5541, 0.032462
5542, 0.003270
5543, 0.009215
5544, 0.004896
5545, 0.001855
5546, 0.020565
5547, 0.016881
5548, 0.002539
5549, 0.013272
5550, 0.049928
5551, 0.003886
5552, 0.008658
5553, 0.025666
5554, 0.002640
5555, 0.012194
5556, 0.006066
5557, 0.003105
5558, 0.007614
5559, 0.020493
5560, 0.002691
5561, 0.012785
5562, 0.024493
5563, 0.005775
5564, 0.007918
5565, 0.002683
5566, 0.005273
5567, 0.009734
5568, 0.034037
5569, 0.004200
5570, 0.009922
5571, 0.004316
5572, 0.003336
5573, 0.011663
5574, 0.008873
5575, 0.004028
5576, 0.008226
5577, 0.003125
5578, 0.002733
5579, 0.010939
5580, 0.002162
5581, 0.003622
5582, 0.012420
5583, 0.001391
5584, 0.002164
5585, 0.006201
5586, 0.001010
5587, 0.001897
5588, 0.006170
5589, 0.014349
5590, 0.005393
5591, 0.008455
5592, 0.009035
5593, 0.001684
5594, 0.007304
5595, 0.013606
5596, 0.002195
5597, 0.007590
5598, 0.052869
5599, 0.004410
5600, 0.009586
5601, 0.000643
5602, 0.002416
5603, 0.009329
5604, 0.002615
5605, 0.001427
5606, 0.016180
5607, 0.011310
5608, 0.002108
5609, 0.011573
5610, 0.001061
5611, 0.001517
5612, 0.008452
5613, 0.000749
5614, 0.003229
5615, 0.009661
5616, 0.004408
5617, 0.003610
5618, 0.011316
5619, 0.002598
5620, 0.001818
5621, 0.008330
5622, 0.039175
5623, 0.002220
5624, 0.014565
5625, 0.037202
5626, 0.004735
5627, 0.008341
5628, 0.004772
5629, 0.003064
5630, 0.007285
5631, 0.001626
5632, 0.007329
5633, 0.006697
5634, 0.017449
5635, 0.002534
5636, 0.008262
5637, 0.055898
5638, 0.004332
5639, 0.008080
5640, 0.007230
5641, 0.002747
5642, 0.009588
5643, 0.044783
5644, 0.004727
5645, 0.007653
5646, 0.006499
5647, 0.003436
5648, 0.010412
5649, 0.001300
5650, 0.003906
5651, 0.008414
5652, 0.000975
5653, 0.005358
5654, 0.006616
5655, 0.022737
5656, 0.005295
5657, 0.006846
5658, 0.005295
5659, 0.006209
5660, 0.011086
5661, 0.002445
5662, 0.003109
5663, 0.007223
5664, 0.004044
5665, 0.003015
5666, 0.006022
5667, 0.002435
5668, 0.002520
5669, 0.007498
5670, 0.004699
5671, 0.002090
5672, 0.007389
5673, 0.008836
5674, 0.002065
5675, 0.006595
5676, 0.000661
5677, 0.001793
5678, 0.006384
5679, 0.001504
5680, 0.002091
5681, 0.009605
5682, 0.023747
5683, 0.001778
5684, 0.006023
5685, 0.001476
5686, 0.001384
5687, 0.008977
5688, 0.001956
5689, 0.001775
5690, 0.012388
5691, 0.012394
5692, 0.004199
5693, 0.008592
5694, 0.004057
5695, 0.002349
5696, 0.005849
5697, 0.001094
5698, 0.002018
5699, 0.008853
5700, 0.003724
5701, 0.001214
5702, 0.012036
5703, 0.002346
5704, 0.001436
5705, 0.006290
5706, 0.002725
5707, 0.002980
5708, 0.006288
5709, 0.001526
5710, 0.000998
5711, 0.005552
5712, 0.000964
5713, 0.001430
5714, 0.007139
5715, 0.000502
5716, 0.003289
5717, 0.007030
5718, 0.001366
5719, 0.000883
5720, 0.005592
5721, 0.021468
5722, 0.000859
5723, 0.006088
5724, 0.000661
5725, 0.000943
5726, 0.006898
5727, 0.085575
5728, 0.001955
5729, 0.007876
5730, 0.003052
5731, 0.001671
5732, 0.006786
5733, 0.002293
5734, 0.001684
5735, 0.007767
5736, 0.003444
5737, 0.001873
5738, 0.006555
5739, 0.000828
5740, 0.001395
5741, 0.007698
5742, 0.002339
5743, 0.003067
5744, 0.006310
5745, 0.000811
5746, 0.002599
5747, 0.008546
5748, 0.001209
5749, 0.001741
5750, 0.006756
5751, 0.035858
5752, 0.003667
5753, 0.006367
5754, 0.008226
5755, 0.002474
5756, 0.008372
5757, 0.002467
5758, 0.004568
5759, 0.005231
5760, 0.000615
5761, 0.002055
5762, 0.010687
5763, 0.011923
5764, 0.001065
5765, 0.005593
5766, 0.009080
5767, 0.001835
5768, 0.005775
5769, 0.000748
5770, 0.001370
5771, 0.005567
5772, 0.001388
5773, 0.003719
5774, 0.006375
5775, 0.000333
5776, 0.001738
5777, 0.007300
5778, 0.000597
5779, 0.001013
5780, 0.009517
5781, 0.003219
5782, 0.000956
5783, 0.006770
5784, 0.010140
5785, 0.000794
5786, 0.007346
5787, 0.000452
5788, 0.001371
5789, 0.004978
5790, 0.004824
5791, 0.002237
5792, 0.005250
5793, 0.004324
5794, 0.000738
5795, 0.008298
5796, 0.018919
5797, 0.000626
5798, 0.013882
5799, 0.005299
5800, 0.000640
5801, 0.005356
5802, 0.000572
5803, 0.000602
5804, 0.006848
5805, 0.000487
5806, 0.000614
5807, 0.006856
5808, 0.005921
5809, 0.000677
5810, 0.007465
5811, 0.000884
5812, 0.000908
5813, 0.006251
5814, 0.001266
5815, 0.001552
5816, 0.005818
5817, 0.020443
5818, 0.001555
5819, 0.007773
5820, 0.012955
5821, 0.000588
5822, 0.009611
5823, 0.008724
5824, 0.002010
5825, 0.008382
5826, 0.000261
5827, 0.001213
5828, 0.007220
5829, 0.001412
5830, 0.000561
5831, 0.007524
5832, 0.021615
5833, 0.000584
5834, 0.013260
5835, 0.005538
5836, 0.001774
5837, 0.007790
5838, 0.027089
5839, 0.001272
5840, 0.008600
5841, 0.028202
5842, 0.002245
5843, 0.007175
5844, 0.002911
5845, 0.001042
5846, 0.017671
5847, 0.012225
5848, 0.001598
5849, 0.010929
5850, 0.047030
5851, 0.002774
5852, 0.006772
5853, 0.020091
5854, 0.001653
5855, 0.010049
5856, 0.003687
5857, 0.002001
5858, 0.005944
5859, 0.017077
5860, 0.001640
5861, 0.010624
5862, 0.020113
5863, 0.004314
5864, 0.006189
5865, 0.001295
5866, 0.003881
5867, 0.007825
5868, 0.031281
5869, 0.002994
5870, 0.007985
5871, 0.002394
5872, 0.002309
5873, 0.009597
5874, 0.005948
5875, 0.002879
5876, 0.006320
5877, 0.001600
5878, 0.001789
5879, 0.008698
5880, 0.000963
5881, 0.002618
5882, 0.010116
5883, 0.000708
5884, 0.001342
5885, 0.004761
5886, 0.000539
5887, 0.001137
5888, 0.004740
5889, 0.011179
5890, 0.004217
5891, 0.006595
5892, 0.006396
5893, 0.000928
5894, 0.005529
5895, 0.010754
5896, 0.001360
5897, 0.005879
5898, 0.050744
5899, 0.003345
5900, 0.007669
5901, 0.000211
5902, 0.001565
5903, 0.007458
5904, 0.001371
5905, 0.000751
5906, 0.013805
5907, 0.008769
5908, 0.001330
5909, 0.009259
5910, 0.000498
5911, 0.000866
5912, 0.006511
5913, 0.000309
5914, 0.002342
5915, 0.007559
5916, 0.002772
5917, 0.002713
5918, 0.009025
5919, 0.001371
5920, 0.001130
5921, 0.006405
5922, 0.035440
5923, 0.001463
5924, 0.012051
5925, 0.032996
5926, 0.003746
5927, 0.006548
5928, 0.002823
5929, 0.002142
5930, 0.005630
5931, 0.000609
5932, 0.006154
5933, 0.005176
5934, 0.013990
5935, 0.001609
5936, 0.006545
5937, 0.055198
5938, 0.003371
5939, 0.006438
5940, 0.004916
5941, 0.001936
5942, 0.007620
5943, 0.042289
5944, 0.003806
5945, 0.005984
5946, 0.004343
5947, 0.002570
5948, 0.008356
5949, 0.000599
5950, 0.003053
5951, 0.006611
5952, 0.000322
5953, 0.004385
5954, 0.005107
5955, 0.019342
5956, 0.004218
5957, 0.005311
5958, 0.003391
5959, 0.005084
5960, 0.009066
5961, 0.001289
5962, 0.002287
5963, 0.005667
5964, 0.002508
5965, 0.002170
5966, 0.004679
5967, 0.001335
5968, 0.001735
5969, 0.005938
5970, 0.002886
5971, 0.001343
5972, 0.005796
5973, 0.006009
5974, 0.001327
5975, 0.005155
5976, 0.000224
5977, 0.001115
5978, 0.004979
5979, 0.000657
5980, 0.001378
5981, 0.007797
5982, 0.021120
5983, 0.001117
5984, 0.004643
5985, 0.000790
5986, 0.000793
5987, 0.007193
5988, 0.000956
5989, 0.001122
5990, 0.010456
5991, 0.010081
5992, 0.003276
5993, 0.006908
5994, 0.002458
5995, 0.001602
5996, 0.004561
5997, 0.000396
5998, 0.001338
5999, 0.007104
